frame,scan_end_time,frame_ms,queued_packets,optimizer_calls,post_opt_deskew_passes,post_opt_association_passes
1,1609060335.5651257,69.450755999999998,0,3,3,3
2,1609060335.6688905,54.272423000000003,0,3,3,3
3,1609060335.7714732,54.560264999999994,0,3,3,3
4,1609060335.8744352,49.600144999999998,0,3,3,3
5,1609060335.9778104,51.381954,0,3,3,3
6,1609060336.0494986,49.593831999999999,0,3,3,3
7,1609060336.1500363,48.065770999999998,0,3,3,3
8,1609060336.2529287,50.018382000000003,0,3,3,3
9,1609060336.3560679,50.538221999999998,0,3,3,3
10,1609060336.4592211,52.443744000000002,0,3,3,3
11,1609060336.5624833,52.968162999999997,0,3,3,3
12,1609060336.665448,52.713732999999998,0,3,3,3
13,1609060336.7685933,49.519270999999996,0,3,3,3
14,1609060336.871573,55.574396,0,3,3,3
15,1609060336.974602,48.609015999999997,0,3,3,3
16,1609060337.0776868,53.980320999999996,0,3,3,3
17,1609060337.1496096,48.389931999999995,0,3,3,3
18,1609060337.2492487,51.950464000000004,0,3,3,3
19,1609060337.3525443,48.908108999999996,0,3,3,3
20,1609060337.4559097,53.755927,0,3,3,3
21,1609060337.5584848,50.023249999999997,0,3,3,3
22,1609060337.6615782,51.093187,0,3,3,3
23,1609060337.7646306,52.493037000000001,0,3,3,3
24,1609060337.8677225,50.673566000000001,0,3,3,3
25,1609060337.9708843,48.979553000000003,0,3,3,3
26,1609060338.0740671,50.012339000000004,0,3,3,3
27,1609060338.1775689,54.557908000000005,0,3,3,3
28,1609060338.2497699,45.853760000000001,0,3,3,3
29,1609060338.3495047,47.403351000000001,0,3,3,3
30,1609060338.4535153,45.252676999999998,0,3,3,3
31,1609060338.5555365,48.842765,0,3,3,3
32,1609060338.6601706,49.628716000000004,0,3,3,3
33,1609060338.7491925,49.058831999999995,0,3,3,3
34,1609060338.8492639,49.807223,0,3,3,3
35,1609060338.9522135,48.089424000000001,0,3,3,3
36,1609060339.0580308,55.681607,0,3,3,3
37,1609060339.1596057,51.637352,0,3,3,3
38,1609060339.2622573,48.865425999999999,0,3,3,3
39,1609060339.3652217,49.237186999999999,0,3,3,3
40,1609060339.4699411,51.042389999999997,0,3,3,3
41,1609060339.5711706,53.41377,0,3,3,3
42,1609060339.6746967,52.262581000000004,0,3,3,3
43,1609060339.77789,52.323275000000002,0,3,3,3
44,1609060339.8497353,46.461373999999999,0,3,3,3
45,1609060339.9493806,47.526282999999999,0,3,3,3
46,1609060340.0525844,45.662838999999998,0,3,3,3
47,1609060340.1555972,51.492058,0,3,3,3
48,1609060340.2589545,49.490665,0,3,3,3
49,1609060340.3619771,52.940999000000005,0,3,3,3
50,1609060340.4648774,50.125652000000002,0,3,3,3
51,1609060340.5678444,52.164494999999995,0,3,3,3
52,1609060340.6713748,53.536031000000001,0,3,3,3
53,1609060340.7739635,50.456424999999996,0,3,3,3
54,1609060340.8767893,50.942239999999998,0,3,3,3
55,1609060340.9488752,47.386457999999998,0,3,3,3
56,1609060341.0487878,54.142282999999999,0,3,3,3
57,1609060341.1521058,46.768892999999998,0,3,3,3
58,1609060341.2552397,49.300895999999995,0,3,3,3
59,1609060341.35851,53.997278999999999,0,3,3,3
60,1609060341.4614356,50.029099000000002,0,3,3,3
61,1609060341.5644836,51.535848999999999,0,3,3,3
62,1609060341.6676943,52.207805,0,3,3,3
63,1609060341.7708051,49.435399999999994,0,3,3,3
64,1609060341.8739247,50.447868,0,3,3,3
65,1609060341.977237,50.226089999999999,0,3,3,3
66,1609060342.0491941,46.872538999999996,0,3,3,3
67,1609060342.1491647,48.456133000000001,0,3,3,3
68,1609060342.2527008,46.111904000000003,0,3,3,3
69,1609060342.3552444,51.914000999999999,0,3,3,3
70,1609060342.4584377,52.546292999999999,0,3,3,3
71,1609060342.5613065,51.085839999999997,0,3,3,3
72,1609060342.6649044,49.818702000000002,0,3,3,3
73,1609060342.7673476,50.787988999999996,0,3,3,3
74,1609060342.870456,52.684101999999996,0,3,3,3
75,1609060342.9737055,51.986668000000002,0,3,3,3
76,1609060343.0777483,49.595199999999998,0,3,3,3
77,1609060343.1488228,49.727919,0,3,3,3
78,1609060343.2487102,56.251256999999995,0,3,3,3
79,1609060343.3519099,54.413942999999996,0,3,3,3
80,1609060343.4551022,62.666979999999995,0,3,3,3
81,1609060343.5580246,58.616775000000004,0,3,3,3
82,1609060343.6623697,62.938432000000006,0,3,3,3
83,1609060343.7648072,62.264301000000003,0,3,3,3
84,1609060343.8676116,61.149007999999995,0,3,3,3
85,1609060343.9706635,61.074748999999997,0,3,3,3
86,1609060344.0737357,61.018763,0,3,3,3
87,1609060344.1766682,62.214174999999997,0,3,3,3
88,1609060344.2488346,56.097916999999995,0,3,3,3
89,1609060344.3487036,57.791719999999998,0,3,3,3
90,1609060344.4521103,59.243957000000002,0,3,3,3
91,1609060344.5550621,68.078610999999995,0,3,3,3
92,1609060344.658273,63.297918999999993,0,3,3,3
93,1609060344.7614617,60.901500999999996,0,3,3,3
94,1609060344.8643677,64.989166999999995,0,3,3,3
95,1609060344.9676981,64.651630999999995,0,3,3,3
96,1609060345.0705743,64.213063000000005,0,3,3,3
97,1609060345.1736856,63.097459999999991,0,3,3,3
98,1609060345.2769485,63.431339000000001,1,3,3,3
99,1609060345.3488724,55.765619000000001,0,3,3,3
100,1609060345.448993,57.243204999999996,0,3,3,3
101,1609060345.5524006,56.128984000000003,0,3,3,3
102,1609060345.65521,62.115239000000003,0,3,3,3
103,1609060345.7580535,61.142043999999999,0,3,3,3
104,1609060345.861208,63.787480999999993,0,3,3,3
105,1609060345.9644063,63.963923000000008,0,3,3,3
106,1609060346.0674272,66.068759999999997,0,3,3,3
107,1609060346.1711977,63.990011000000003,0,3,3,3
108,1609060346.2737715,60.711542000000001,0,3,3,3
109,1609060346.3769433,64.643664000000001,0,3,3,3
110,1609060346.4488933,54.809285000000003,0,3,3,3
111,1609060346.5488563,54.425873000000003,0,3,3,3
112,1609060346.6520722,54.374256000000003,0,3,3,3
113,1609060346.7551506,58.066316,0,3,3,3
114,1609060346.858361,59.886066,0,3,3,3
115,1609060346.9613416,60.712384,0,3,3,3
116,1609060347.0644145,59.683913999999994,0,3,3,3
117,1609060347.1674809,61.347789999999996,0,3,3,3
118,1609060347.2706633,61.093620999999999,0,3,3,3
119,1609060347.3736651,60.496705999999996,0,3,3,3
120,1609060347.4767106,67.036913999999996,0,3,3,3
121,1609060347.5486829,56.218271000000001,0,3,3,3
122,1609060347.6486812,58.026849999999996,0,3,3,3
123,1609060347.7518744,55.372577,0,3,3,3
124,1609060347.860091,59.494065999999997,0,3,3,3
125,1609060347.9633062,59.386693999999999,0,3,3,3
126,1609060348.0662985,60.442221999999994,0,3,3,3
127,1609060348.1698375,57.361515000000004,0,3,3,3
128,1609060348.2723897,54.625979000000001,0,3,3,3
129,1609060348.3753445,51.162680000000002,0,3,3,3
130,1609060348.4788959,52.172694999999997,0,3,3,3
131,1609060348.548521,48.905205000000002,0,3,3,3
132,1609060348.6508079,55.320036999999999,0,3,3,3
133,1609060348.7536502,54.387559000000003,0,3,3,3
134,1609060348.8567705,58.981107999999999,0,3,3,3
135,1609060348.9601226,59.869242,0,3,3,3
136,1609060349.0628481,60.593397000000003,0,3,3,3
137,1609060349.1659389,58.907378000000001,0,3,3,3
138,1609060349.269558,66.584299000000001,0,3,3,3
139,1609060349.3721404,65.708047000000008,0,3,3,3
140,1609060349.4755402,61.429611999999999,0,3,3,3
141,1609060349.5785542,60.497235000000003,0,3,3,3
142,1609060349.6486347,56.303901000000003,0,3,3,3
143,1609060349.750355,54.477598,0,3,3,3
144,1609060349.8537648,57.186174000000001,0,3,3,3
145,1609060349.956383,60.753669000000002,0,3,3,3
146,1609060350.0595171,61.594624000000003,0,3,3,3
147,1609060350.1625848,60.266409000000003,0,3,3,3
148,1609060350.2656934,57.783387999999995,0,3,3,3
149,1609060350.369355,62.780517999999994,0,3,3,3
150,1609060350.4722092,60.258513999999998,0,3,3,3
151,1609060350.5752344,61.416006000000003,0,3,3,3
152,1609060350.6783781,62.902007999999995,1,3,3,3
153,1609060350.7498665,56.103501999999999,0,3,3,3
154,1609060350.8503695,54.070068999999997,0,3,3,3
155,1609060350.9555354,55.135317000000001,0,3,3,3
156,1609060351.0564818,59.739295999999996,0,3,3,3
157,1609060351.1597574,59.731921,0,3,3,3
158,1609060351.2629676,59.000903000000001,0,3,3,3
159,1609060351.3657243,58.239758000000002,0,3,3,3
160,1609060351.4689608,59.824413999999997,0,3,3,3
161,1609060351.5722816,60.077663000000001,0,3,3,3
162,1609060351.6804302,61.584282999999999,0,3,3,3
163,1609060351.7784102,61.095430999999998,0,3,3,3
164,1609060351.8491671,53.782575999999999,0,3,3,3
165,1609060351.9517748,53.931857999999998,0,3,3,3
166,1609060352.0536849,55.743062000000002,0,3,3,3
167,1609060352.1568372,58.155617999999997,0,3,3,3
168,1609060352.260051,59.546139999999994,0,3,3,3
169,1609060352.3628037,59.238329999999998,0,3,3,3
170,1609060352.4657688,58.751822000000004,0,3,3,3
171,1609060352.5688708,60.049769000000005,0,3,3,3
172,1609060352.6721523,60.380332000000003,0,3,3,3
173,1609060352.7757213,60.247602000000001,0,3,3,3
174,1609060352.8491609,57.976762000000001,0,3,3,3
175,1609060352.9508879,55.383203000000002,0,3,3,3
176,1609060353.0537844,57.883254999999998,0,3,3,3
177,1609060353.156776,56.359231999999999,0,3,3,3
178,1609060353.2599683,49.730687000000003,0,3,3,3
179,1609060353.3639607,55.228259999999999,0,3,3,3
180,1609060353.4660134,49.56711,0,3,3,3
181,1609060353.5689592,50.171107999999997,0,3,3,3
182,1609060353.6727691,48.901924999999999,0,3,3,3
183,1609060353.7754166,51.295988000000001,0,3,3,3
184,1609060353.8784344,50.834768000000004,0,3,3,3
185,1609060353.9500999,46.388639000000005,0,3,3,3
186,1609060354.0501301,49.903202999999998,0,3,3,3
187,1609060354.1543992,49.258766999999999,0,3,3,3
188,1609060354.2564979,53.522193000000001,0,3,3,3
189,1609060354.3597436,50.144797999999994,0,3,3,3
190,1609060354.4628091,48.630803,0,3,3,3
191,1609060354.5661981,49.853949,0,3,3,3
192,1609060354.6688728,50.685716999999997,0,3,3,3
193,1609060354.7720947,50.573826000000004,0,3,3,3
194,1609060354.8752711,52.780315000000002,0,3,3,3
195,1609060354.9780469,50.444292000000004,0,3,3,3
196,1609060355.0485358,50.806975999999999,0,3,3,3
197,1609060355.1507537,55.569992999999997,0,3,3,3
198,1609060355.2538207,53.264387000000006,0,3,3,3
199,1609060355.3565743,57.783664999999999,0,3,3,3
200,1609060355.459749,64.065055000000001,0,3,3,3
201,1609060355.5655091,59.315472,0,3,3,3
202,1609060355.6659017,58.276783999999999,0,3,3,3
203,1609060355.769042,65.808059999999998,0,3,3,3
204,1609060355.8722293,60.250273999999997,0,3,3,3
205,1609060355.9756131,61.570863000000003,0,3,3,3
206,1609060356.0787404,61.684187000000001,0,3,3,3
207,1609060356.1489,52.624400000000001,0,3,3,3
208,1609060356.2509718,55.042155999999999,0,3,3,3
209,1609060356.3534758,54.724527999999999,0,3,3,3
210,1609060356.4565229,63.452610000000007,0,3,3,3
211,1609060356.5614469,58.398032000000001,0,3,3,3
212,1609060356.6648688,59.211254999999994,0,3,3,3
213,1609060356.766592,58.151066999999998,0,3,3,3
214,1609060356.8697007,62.929183000000002,0,3,3,3
215,1609060356.9729977,63.683585000000001,0,3,3,3
216,1609060357.0754278,62.898124000000003,0,3,3,3
217,1609060357.1786222,67.091105999999996,0,3,3,3
218,1609060357.2487831,56.015810999999999,0,3,3,3
219,1609060357.3500473,55.604285000000004,0,3,3,3
220,1609060357.4534869,54.442224999999993,0,3,3,3
221,1609060357.5566156,59.679336999999997,0,3,3,3
222,1609060357.6598322,61.017758999999998,0,3,3,3
223,1609060357.7628331,62.039484999999999,0,3,3,3
224,1609060357.8659341,59.765479000000006,0,3,3,3
225,1609060357.9687223,59.547438,0,3,3,3
226,1609060358.0722322,64.315514000000007,0,3,3,3
227,1609060358.1753407,60.952936000000001,0,3,3,3
228,1609060358.2782514,60.211379000000001,0,3,3,3
229,1609060358.348743,56.584662000000002,0,3,3,3
230,1609060358.4502826,55.584677999999997,0,3,3,3
231,1609060358.5534344,57.325097999999997,0,3,3,3
232,1609060358.6565096,61.809100000000001,0,3,3,3
233,1609060358.7598784,59.010475,0,3,3,3
234,1609060358.8627958,59.818909000000005,0,3,3,3
235,1609060358.9658117,61.596488999999998,0,3,3,3
236,1609060359.0689132,60.141165000000001,0,3,3,3
237,1609060359.1720471,55.773682999999998,0,3,3,3
238,1609060359.2750649,49.614614000000003,0,3,3,3
239,1609060359.3781698,48.992781999999998,0,3,3,3
240,1609060359.4483807,47.162231999999996,0,3,3,3
241,1609060359.5503936,56.670954999999999,0,3,3,3
242,1609060359.6533241,53.700344999999999,0,3,3,3
243,1609060359.7564471,58.614588000000005,0,3,3,3
244,1609060359.8597338,58.397649000000001,0,3,3,3
245,1609060359.9627156,60.062267000000006,0,3,3,3
246,1609060360.0659175,59.655189,0,3,3,3
247,1609060360.1690037,60.019945999999997,0,3,3,3
248,1609060360.27215,58.375968,0,3,3,3
249,1609060360.3750672,62.368952999999998,0,3,3,3
250,1609060360.4780455,58.913020000000003,0,3,3,3
251,1609060360.5484717,54.062356999999999,0,3,3,3
252,1609060360.65031,56.141024999999999,0,3,3,3
253,1609060360.7536829,54.332866000000003,0,3,3,3
254,1609060360.8566113,59.157329000000004,0,3,3,3
255,1609060360.9597445,62.001421000000001,0,3,3,3
256,1609060361.0626369,61.409174,0,3,3,3
257,1609060361.1662071,58.063707999999998,0,3,3,3
258,1609060361.2694983,59.240977000000001,0,3,3,3
259,1609060361.3725281,59.958529000000006,0,3,3,3
260,1609060361.4755127,59.195180000000001,0,3,3,3
261,1609060361.5791726,59.200501000000003,0,3,3,3
262,1609060361.6483216,56.015407000000003,0,3,3,3
263,1609060361.7505121,55.225428000000001,0,3,3,3
264,1609060361.852808,54.108843,0,3,3,3
265,1609060361.9559572,62.123981000000001,0,3,3,3
266,1609060362.0594945,58.011219000000004,0,3,3,3
267,1609060362.1627135,60.905163000000002,0,3,3,3
268,1609060362.2658818,58.411563000000001,0,3,3,3
269,1609060362.369132,60.128748999999999,0,3,3,3
270,1609060362.4723353,59.203415,0,3,3,3
271,1609060362.5753965,58.740251999999998,0,3,3,3
272,1609060362.6788783,63.592126999999998,0,3,3,3
273,1609060362.7486739,53.798106999999995,0,3,3,3
274,1609060362.8505058,54.214301999999996,0,3,3,3
275,1609060362.9534242,59.030318999999999,0,3,3,3
276,1609060363.0564556,61.392150999999998,0,3,3,3
277,1609060363.1596074,59.443807,0,3,3,3
278,1609060363.2627625,60.053716999999999,0,3,3,3
279,1609060363.3658149,60.842343999999997,0,3,3,3
280,1609060363.4691126,59.763711000000001,0,3,3,3
281,1609060363.5722384,60.690016,0,3,3,3
282,1609060363.6753216,60.946148000000001,0,3,3,3
283,1609060363.7786071,61.472150000000006,0,3,3,3
284,1609060363.8484571,53.781516000000003,0,3,3,3
285,1609060363.9505711,54.635103999999998,0,3,3,3
286,1609060364.0532522,54.011749999999999,0,3,3,3
287,1609060364.15643,57.104387000000003,0,3,3,3
288,1609060364.2596481,54.684597000000004,0,3,3,3
289,1609060364.3626204,53.928351999999997,0,3,3,3
290,1609060364.4657834,50.514536999999997,0,3,3,3
291,1609060364.568795,52.746693999999998,0,3,3,3
292,1609060364.6718667,50.620837000000002,0,3,3,3
293,1609060364.7753241,50.961168999999998,0,3,3,3
294,1609060364.8782451,52.580320999999998,0,3,3,3
295,1609060364.9485614,48.758067000000004,0,3,3,3
296,1609060365.0502343,56.388266999999999,0,3,3,3
297,1609060365.1534107,54.787710000000004,0,3,3,3
298,1609060365.2564831,59.440579,0,3,3,3
299,1609060365.3597929,61.565424,0,3,3,3
300,1609060365.4626627,59.338747999999995,0,3,3,3
301,1609060365.5654345,59.770040000000002,0,3,3,3
302,1609060365.6691046,59.684950999999998,0,3,3,3
303,1609060365.7716148,59.793084,0,3,3,3
304,1609060365.8748014,61.860400000000006,0,3,3,3
305,1609060365.9782925,62.629109,0,3,3,3
306,1609060366.0485389,55.996599000000003,0,3,3,3
307,1609060366.1500292,55.071734999999997,0,3,3,3
308,1609060366.2532444,56.653466000000002,0,3,3,3
309,1609060366.3565078,61.950318999999993,0,3,3,3
310,1609060366.459548,58.293456999999997,0,3,3,3
311,1609060366.5625906,57.732880999999999,0,3,3,3
312,1609060366.665658,60.082588999999999,0,3,3,3
313,1609060366.7691584,60.562773999999997,0,3,3,3
314,1609060366.8721151,61.532972000000001,0,3,3,3
315,1609060366.9749591,59.168275999999999,0,3,3,3
316,1609060367.0787556,59.659670999999996,0,3,3,3
317,1609060367.1483114,54.538910000000001,0,3,3,3
318,1609060367.2501822,55.511381999999998,0,3,3,3
319,1609060367.3537061,54.425927000000001,0,3,3,3
320,1609060367.4564037,59.796638999999999,0,3,3,3
321,1609060367.5598209,58.483615,0,3,3,3
322,1609060367.6628199,64.078890000000001,0,3,3,3
323,1609060367.765856,62.130497999999996,0,3,3,3
324,1609060367.8689847,63.207537999999992,0,3,3,3
325,1609060367.9720211,61.650173000000002,0,3,3,3
326,1609060368.0750065,63.052826000000003,0,3,3,3
327,1609060368.1780508,60.403711999999999,0,3,3,3
328,1609060368.2484784,56.222131000000005,0,3,3,3
329,1609060368.3502622,55.326092000000003,0,3,3,3
330,1609060368.4532332,54.162969999999994,0,3,3,3
331,1609060368.5562139,59.927395000000004,0,3,3,3
332,1609060368.6594431,58.348469000000001,0,3,3,3
333,1609060368.7625217,60.592267999999997,0,3,3,3
334,1609060368.8654857,58.136590000000005,0,3,3,3
335,1609060368.9685569,60.077165999999998,0,3,3,3
336,1609060369.0716698,60.357726,0,3,3,3
337,1609060369.174861,57.147874999999999,0,3,3,3
338,1609060369.2778888,56.149152999999998,0,3,3,3
339,1609060369.3482823,56.511206000000001,0,3,3,3
340,1609060369.4499614,68.169156999999998,0,3,3,3
341,1609060369.5530205,56.569845999999998,0,3,3,3
342,1609060369.6561539,59.668756000000002,0,3,3,3
343,1609060369.7594354,62.058591,0,3,3,3
344,1609060369.8625462,59.837073999999994,0,3,3,3
345,1609060369.9656637,57.510499000000003,0,3,3,3
346,1609060370.0687668,56.440311999999999,0,3,3,3
347,1609060370.1719282,53.418866999999999,0,3,3,3
348,1609060370.2750959,54.601295,0,3,3,3
349,1609060370.3782203,53.877010000000006,0,3,3,3
350,1609060370.4482856,54.189157999999999,0,3,3,3
351,1609060370.5499499,55.276918000000002,0,3,3,3
352,1609060370.6529427,55.576211999999998,0,3,3,3
353,1609060370.7561808,66.987078000000011,0,3,3,3
354,1609060370.859647,69.133933999999996,0,3,3,3
355,1609060370.9628668,69.815327999999994,0,3,3,3
356,1609060371.0660405,74.85842199999999,0,3,3,3
357,1609060371.1692972,65.146978999999988,0,3,3,3
358,1609060371.2721951,65.313072000000005,0,3,3,3
359,1609060371.3750036,62.605620000000002,0,3,3,3
360,1609060371.4779139,64.04412099999999,0,3,3,3
361,1609060371.5479836,60.355088000000002,0,3,3,3
362,1609060371.6496422,60.673148000000005,0,3,3,3
363,1609060371.7525678,61.874251999999998,0,3,3,3
364,1609060371.8557277,61.838473999999998,0,3,3,3
365,1609060371.9586835,66.134411,0,3,3,3
366,1609060372.0617514,71.945672000000002,0,3,3,3
367,1609060372.165174,64.197569000000001,0,3,3,3
368,1609060372.2685421,63.399714999999993,0,3,3,3
369,1609060372.3716853,58.588267999999999,0,3,3,3
370,1609060372.4748204,62.822658000000004,0,3,3,3
371,1609060372.5776539,61.071567999999999,0,3,3,3
372,1609060372.6480069,60.638340999999997,0,3,3,3
373,1609060372.7498674,71.583759999999998,0,3,3,3
374,1609060372.8530226,68.743185999999994,0,3,3,3
375,1609060372.9559295,71.655604999999994,0,3,3,3
376,1609060373.0591648,72.090164000000001,0,3,3,3
377,1609060373.1623206,72.174240999999995,0,3,3,3
378,1609060373.265214,74.044336000000001,0,3,3,3
379,1609060373.3684511,75.501812000000001,0,3,3,3
380,1609060373.4713283,73.313648000000001,0,3,3,3
381,1609060373.5744143,72.872948000000008,0,3,3,3
382,1609060373.6779504,71.724964,1,3,3,3
383,1609060373.7477229,68.875634000000005,0,3,3,3
384,1609060373.8494546,71.614847999999995,0,3,3,3
385,1609060373.9528863,74.445691999999994,0,3,3,3
386,1609060374.0556214,77.259784999999994,0,3,3,3
387,1609060374.1588116,72.504892999999996,0,3,3,3
388,1609060374.2617271,56.060562000000004,0,3,3,3
389,1609060374.3649666,52.856082999999998,0,3,3,3
390,1609060374.4686441,53.760376999999998,0,3,3,3
391,1609060374.5711348,54.128171000000002,0,3,3,3
392,1609060374.6743195,55.780965000000002,0,3,3,3
393,1609060374.7776783,55.941588000000003,0,3,3,3
394,1609060374.8476958,54.355308999999998,0,3,3,3
395,1609060374.9493382,56.806368000000006,0,3,3,3
396,1609060375.0525095,58.299070999999998,0,3,3,3
397,1609060375.155618,62.192878999999998,0,3,3,3
398,1609060375.2588911,68.598601000000002,0,3,3,3
399,1609060375.3619285,59.467733000000003,0,3,3,3
400,1609060375.4651339,66.79946000000001,0,3,3,3
401,1609060375.5680861,61.494653000000007,0,3,3,3
402,1609060375.6712167,63.342394999999996,0,3,3,3
403,1609060375.7741735,67.918909999999997,0,3,3,3
404,1609060375.8773026,65.701730999999995,0,3,3,3
405,1609060375.9476309,57.186523000000001,0,3,3,3
406,1609060376.0496304,61.885719999999999,0,3,3,3
407,1609060376.1526864,57.523488,0,3,3,3
408,1609060376.2554581,66.825757999999993,0,3,3,3
409,1609060376.358624,63.159649999999999,0,3,3,3
410,1609060376.4618325,60.777991,0,3,3,3
411,1609060376.5647061,61.561598000000004,0,3,3,3
412,1609060376.6681185,64.471902,0,3,3,3
413,1609060376.7709801,63.252524000000001,0,3,3,3
414,1609060376.8740883,64.83853400000001,0,3,3,3
415,1609060376.9773209,75.443229000000002,1,3,3,3
416,1609060377.0477443,71.936841000000001,0,3,3,3
417,1609060377.149169,69.953811999999999,0,3,3,3
418,1609060377.2527051,73.037845000000004,0,3,3,3
419,1609060377.3555527,74.436250000000001,0,3,3,3
420,1609060377.4586835,73.078731999999988,0,3,3,3
421,1609060377.5620232,69.726695000000007,0,3,3,3
422,1609060377.6651306,73.515424999999993,0,3,3,3
423,1609060377.7688971,70.799547000000004,0,3,3,3
424,1609060377.8713605,72.413758000000001,0,3,3,3
425,1609060377.9744473,77.452846000000008,0,3,3,3
426,1609060378.0772667,71.797606999999999,1,3,3,3
427,1609060378.1474705,71.940806999999992,0,3,3,3
428,1609060378.2491281,73.031652000000008,0,3,3,3
429,1609060378.3520932,74.597022999999993,0,3,3,3
430,1609060378.4547961,77.421816000000007,0,3,3,3
431,1609060378.5584641,76.561474000000004,0,3,3,3
432,1609060378.66166,76.243054000000001,0,3,3,3
433,1609060378.7649617,81.83588499999999,0,3,3,3
434,1609060378.8682601,73.726201000000003,0,3,3,3
435,1609060378.9711998,78.373389000000003,0,3,3,3
436,1609060379.0742993,74.043047999999999,0,3,3,3
437,1609060379.1773269,75.512896999999995,1,3,3,3
438,1609060379.2479045,73.988894999999999,0,3,3,3
439,1609060379.3494339,75.288934999999995,0,3,3,3
440,1609060379.4528904,71.26534199999999,0,3,3,3
441,1609060379.5560176,76.194130999999999,0,3,3,3
442,1609060379.6594577,74.289541999999997,0,3,3,3
443,1609060379.7624242,75.203213000000005,0,3,3,3
444,1609060379.8656816,73.206119999999999,0,3,3,3
445,1609060379.9686365,77.537823000000003,0,3,3,3
446,1609060380.0711386,77.433076,0,3,3,3
447,1609060380.1738174,77.839691000000002,0,3,3,3
448,1609060380.2767506,75.210446000000005,1,3,3,3
449,1609060380.3470688,71.494153000000011,0,3,3,3
450,1609060380.4487996,72.187578999999999,0,3,3,3
451,1609060380.5518794,73.812021000000001,0,3,3,3
452,1609060380.6552548,76.997873999999996,0,3,3,3
453,1609060380.7584124,72.682512000000003,0,3,3,3
454,1609060380.8610554,73.252084999999994,0,3,3,3
455,1609060380.9648302,76.200331999999989,0,3,3,3
456,1609060381.068032,75.292731000000003,0,3,3,3
457,1609060381.1709793,75.465665999999999,0,3,3,3
458,1609060381.2741044,76.169232000000008,0,3,3,3
459,1609060381.3771384,75.044642999999994,1,3,3,3
460,1609060381.4474158,71.072297000000006,0,3,3,3
461,1609060381.5490937,71.515602000000001,0,3,3,3
462,1609060381.6528563,72.624341999999999,0,3,3,3
463,1609060381.7550836,75.292429999999996,0,3,3,3
464,1609060381.8582475,75.662756999999999,0,3,3,3
465,1609060381.9619515,75.439226000000005,0,3,3,3
466,1609060382.0645375,73.923389,0,3,3,3
467,1609060382.1676345,73.641807999999997,0,3,3,3
468,1609060382.2707465,73.384894000000003,0,3,3,3
469,1609060382.3738217,74.026833999999994,0,3,3,3
470,1609060382.4774599,75.229991999999996,1,3,3,3
471,1609060382.5473018,73.793233999999998,0,3,3,3
472,1609060382.6491568,74.04822399999999,0,3,3,3
473,1609060382.7522345,74.470911000000001,0,3,3,3
474,1609060382.8552399,75.689357000000001,0,3,3,3
475,1609060382.9582939,76.994296000000006,0,3,3,3
476,1609060383.0617485,77.165548000000001,0,3,3,3
477,1609060383.1646562,76.982382999999999,0,3,3,3
478,1609060383.2677984,71.792833000000002,0,3,3,3
479,1609060383.3708377,70.917624000000004,0,3,3,3
480,1609060383.4739399,73.094855999999993,0,3,3,3
481,1609060383.5770652,74.016763999999995,1,3,3,3
482,1609060383.6473866,66.569358999999992,0,3,3,3
483,1609060383.7491462,70.16767999999999,0,3,3,3
484,1609060383.8523233,74.401719,0,3,3,3
485,1609060383.9552927,73.311284000000001,0,3,3,3
486,1609060384.0585766,71.373693000000003,0,3,3,3
487,1609060384.1619341,71.119783000000012,0,3,3,3
488,1609060384.2646725,72.602688000000001,0,3,3,3
489,1609060384.3678341,70.306321000000011,0,3,3,3
490,1609060384.4710534,72.379075999999998,0,3,3,3
491,1609060384.5738752,70.592198999999994,0,3,3,3
492,1609060384.6769705,72.108806999999999,1,3,3,3
493,1609060384.7473707,70.348009000000005,0,3,3,3
494,1609060384.8489027,73.347912000000008,0,3,3,3
495,1609060384.9525738,73.208980000000011,0,3,3,3
496,1609060385.05527,76.090240000000009,0,3,3,3
497,1609060385.1584573,73.525796999999997,0,3,3,3
498,1609060385.2621233,76.050825000000003,0,3,3,3
499,1609060385.3643813,74.40406200000001,0,3,3,3
500,1609060385.4674923,75.171288000000004,0,3,3,3
501,1609060385.5708311,78.238486999999992,0,3,3,3
502,1609060385.6738265,76.808712999999997,0,3,3,3
503,1609060385.7769268,74.909053,1,3,3,3
504,1609060385.847122,74.356100999999995,0,3,3,3
505,1609060385.948859,74.229692999999997,0,3,3,3
506,1609060386.0520358,72.102474000000001,0,3,3,3
507,1609060386.1551359,75.086607000000001,0,3,3,3
508,1609060386.2586665,75.661199999999994,0,3,3,3
509,1609060386.3614333,74.924309999999991,0,3,3,3
510,1609060386.4645805,75.733827000000005,0,3,3,3
511,1609060386.5677059,74.914963,0,3,3,3
512,1609060386.670718,75.110752000000005,0,3,3,3
513,1609060386.7737026,73.619541999999996,0,3,3,3
514,1609060386.8771801,75.536685000000006,1,3,3,3
515,1609060386.9474165,74.923458999999994,0,3,3,3
516,1609060387.049005,75.760706999999996,0,3,3,3
517,1609060387.152266,72.515321,0,3,3,3
518,1609060387.2548516,77.161616000000009,0,3,3,3
519,1609060387.3582439,76.613372999999996,0,3,3,3
520,1609060387.4613323,84.579463999999987,0,3,3,3
521,1609060387.5644944,76.788422999999995,0,3,3,3
522,1609060387.6675885,76.215764000000007,0,3,3,3
523,1609060387.7706761,76.262642,0,3,3,3
524,1609060387.8738153,77.356003000000001,0,3,3,3
525,1609060387.9770086,78.600136000000006,1,3,3,3
526,1609060388.0474455,82.725039999999993,0,3,3,3
527,1609060388.1490262,78.653936999999999,0,3,3,3
528,1609060388.2525251,75.222831999999997,0,3,3,3
529,1609060388.355166,79.920783999999998,0,3,3,3
530,1609060388.4585347,77.957525000000004,0,3,3,3
531,1609060388.5615895,79.623154,0,3,3,3
532,1609060388.6643612,80.168180000000007,0,3,3,3
533,1609060388.7673056,79.573599999999999,0,3,3,3
534,1609060388.8705156,86.387590000000003,0,3,3,3
535,1609060388.9737499,80.902563999999998,0,3,3,3
536,1609060389.0768368,78.271886999999992,1,3,3,3
537,1609060389.1471403,76.228085000000007,0,3,3,3
538,1609060389.2488594,74.970115000000007,0,3,3,3
539,1609060389.3520768,74.014583999999999,0,3,3,3
540,1609060389.4550886,75.07730699999999,0,3,3,3
541,1609060389.5581167,73.749724999999998,0,3,3,3
542,1609060389.6611216,73.951014000000001,0,3,3,3
543,1609060389.7643309,75.591344000000007,0,3,3,3
544,1609060389.867378,73.138141000000005,0,3,3,3
545,1609060389.9704964,76.409216000000001,0,3,3,3
546,1609060390.0736451,78.980621999999997,0,3,3,3
547,1609060390.1770599,80.171785999999997,1,3,3,3
548,1609060390.247112,72.628630000000001,0,3,3,3
549,1609060390.3489306,72.041905,0,3,3,3
550,1609060390.4524145,74.604926000000006,0,3,3,3
551,1609060390.5550225,75.765080999999995,0,3,3,3
552,1609060390.6579657,75.790449999999993,0,3,3,3
553,1609060390.7611177,74.677642000000006,0,3,3,3
554,1609060390.8642771,75.211769000000004,0,3,3,3
555,1609060390.9673641,74.415589000000011,0,3,3,3
556,1609060391.070466,76.813586000000001,0,3,3,3
557,1609060391.173564,78.140164999999996,0,3,3,3
558,1609060391.2774541,77.403728000000001,1,3,3,3
559,1609060391.3468776,70.925129999999996,0,3,3,3
560,1609060391.4489369,73.508347999999998,0,3,3,3
561,1609060391.5518897,72.958382,0,3,3,3
562,1609060391.6549957,74.530013000000011,0,3,3,3
563,1609060391.7581825,76.963358999999997,0,3,3,3
564,1609060391.8613112,77.059899999999999,0,3,3,3
565,1609060391.9643459,74.226109999999991,0,3,3,3
566,1609060392.0675817,76.548906000000002,0,3,3,3
567,1609060392.1705043,77.772002000000001,0,3,3,3
568,1609060392.273551,74.379378000000003,0,3,3,3
569,1609060392.3770058,75.056443999999999,1,3,3,3
570,1609060392.4469931,72.580137000000008,0,3,3,3
571,1609060392.5486779,71.065293999999994,0,3,3,3
572,1609060392.6519661,72.591599000000002,0,3,3,3
573,1609060392.7548311,74.374478999999994,0,3,3,3
574,1609060392.8580101,75.190587000000008,0,3,3,3
575,1609060392.9611042,76.683350000000004,0,3,3,3
576,1609060393.0642307,76.033163999999999,0,3,3,3
577,1609060393.1674387,76.767777999999993,0,3,3,3
578,1609060393.270309,76.660505000000001,0,3,3,3
579,1609060393.3735387,74.25801899999999,0,3,3,3
580,1609060393.4765022,77.285172000000003,1,3,3,3
581,1609060393.5468042,74.105671000000001,0,3,3,3
582,1609060393.6485152,75.972578999999996,0,3,3,3
583,1609060393.7515843,77.515936999999994,0,3,3,3
584,1609060393.8548238,77.965675000000005,0,3,3,3
585,1609060393.9578538,74.643455000000003,0,3,3,3
586,1609060394.0610509,75.492103,0,3,3,3
587,1609060394.1642156,75.671830999999997,0,3,3,3
588,1609060394.2672336,73.560333,0,3,3,3
589,1609060394.3703716,71.55858099999999,0,3,3,3
590,1609060394.4734297,71.632088999999993,0,3,3,3
591,1609060394.5767958,72.417680000000004,1,3,3,3
592,1609060394.6468921,70.036393000000004,0,3,3,3
593,1609060394.7486401,72.677308999999994,0,3,3,3
594,1609060394.8517046,74.670034000000001,0,3,3,3
595,1609060394.9549251,81.518568999999999,0,3,3,3
596,1609060395.0581455,77.719408999999999,0,3,3,3
597,1609060395.161304,76.127739000000005,0,3,3,3
598,1609060395.2641535,79.184870000000004,0,3,3,3
599,1609060395.3674827,78.319529000000003,0,3,3,3
600,1609060395.470381,79.907643000000007,0,3,3,3
601,1609060395.5733609,77.833354,0,3,3,3
602,1609060395.6764789,82.504394999999988,1,3,3,3
603,1609060395.7468259,76.137088000000006,0,3,3,3
604,1609060395.8485522,83.878233999999992,0,3,3,3
605,1609060395.9516628,81.687587000000008,0,3,3,3
606,1609060396.0549262,79.148120000000006,0,3,3,3
607,1609060396.1580355,78.686931000000001,0,3,3,3
608,1609060396.2611613,77.92490500000001,0,3,3,3
609,1609060396.3640275,77.995669000000007,0,3,3,3
610,1609060396.4671712,78.448632000000003,0,3,3,3
611,1609060396.5700769,81.088957000000008,0,3,3,3
612,1609060396.6731908,84.121220999999991,0,3,3,3
613,1609060396.7764654,79.429259999999999,1,3,3,3
614,1609060396.8466918,75.292344,0,3,3,3
615,1609060396.9486039,73.536175,0,3,3,3
616,1609060397.0523689,75.301340999999994,0,3,3,3
617,1609060397.1547594,77.252707999999998,0,3,3,3
618,1609060397.2578886,73.934965000000005,0,3,3,3
619,1609060397.3615165,80.404385999999988,0,3,3,3
620,1609060397.4640956,83.509647000000001,0,3,3,3
621,1609060397.5671949,77.492519000000001,0,3,3,3
622,1609060397.6702051,76.280164999999997,0,3,3,3
623,1609060397.773248,75.192735999999996,0,3,3,3
624,1609060397.8763154,75.10678399999999,1,3,3,3
625,1609060397.9466925,72.002674999999996,0,3,3,3
626,1609060398.0484476,76.102740999999995,0,3,3,3
627,1609060398.1518643,77.845774000000006,0,3,3,3
628,1609060398.2548623,74.970856999999995,0,3,3,3
629,1609060398.3581367,76.306514000000007,0,3,3,3
630,1609060398.4612439,78.425145000000001,0,3,3,3
631,1609060398.5643735,83.003070999999991,0,3,3,3
632,1609060398.6673439,79.304181999999997,0,3,3,3
633,1609060398.7703686,78.790563999999989,0,3,3,3
634,1609060398.8735127,80.468697000000006,0,3,3,3
635,1609060398.9765391,76.970494000000002,0,3,3,3
636,1609060399.0468688,71.721172999999993,0,3,3,3
637,1609060399.1484513,72.028532000000013,0,3,3,3
638,1609060399.2523277,75.517565999999988,0,3,3,3
639,1609060399.3548434,76.664297000000005,0,3,3,3
640,1609060399.458216,76.834616999999994,0,3,3,3
641,1609060399.5611317,75.411246000000006,0,3,3,3
642,1609060399.6647761,78.404325,0,3,3,3
643,1609060399.7675726,76.916042000000004,0,3,3,3
644,1609060399.8704405,75.454917999999992,0,3,3,3
645,1609060399.9735191,78.832922999999994,0,3,3,3
646,1609060400.0764689,75.886170000000007,1,3,3,3
647,1609060400.1467915,73.632802999999996,0,3,3,3
648,1609060400.2486784,77.563649999999996,0,3,3,3
649,1609060400.3525341,76.970332999999997,0,3,3,3
650,1609060400.4550848,73.958526999999989,0,3,3,3
651,1609060400.5581419,76.798457999999997,0,3,3,3
652,1609060400.6613572,76.616464999999991,0,3,3,3
653,1609060400.7645023,83.747292000000002,0,3,3,3
654,1609060400.8675768,80.501796999999996,0,3,3,3
655,1609060400.9705057,77.234590000000011,0,3,3,3
656,1609060401.0736988,77.182552000000001,0,3,3,3
657,1609060401.177012,76.375930999999994,1,3,3,3
658,1609060401.2465675,72.360524999999996,0,3,3,3
659,1609060401.3480847,74.639409000000001,0,3,3,3
660,1609060401.4508688,78.53496899999999,0,3,3,3
661,1609060401.5539339,77.060100000000006,0,3,3,3
662,1609060401.6574495,81.163141999999993,0,3,3,3
663,1609060401.7606604,77.849257000000009,0,3,3,3
664,1609060401.8639672,76.561200999999997,0,3,3,3
665,1609060401.9678407,76.766908000000001,0,3,3,3
666,1609060402.0701451,79.261908000000005,0,3,3,3
667,1609060402.1735151,81.44195599999999,0,3,3,3
668,1609060402.2768693,80.730035000000001,1,3,3,3
669,1609060402.3468363,82.174847,0,3,3,3
670,1609060402.4486585,74.76844100000001,0,3,3,3
671,1609060402.5515237,79.984199000000004,0,3,3,3
672,1609060402.6545556,75.997307000000006,0,3,3,3
673,1609060402.7577,87.468510999999992,0,3,3,3
674,1609060402.8609707,80.735385000000008,0,3,3,3
675,1609060402.9637139,78.918711999999999,0,3,3,3
676,1609060403.0669422,77.796465999999995,0,3,3,3
677,1609060403.1700683,77.539291999999989,0,3,3,3
678,1609060403.2730777,77.357539000000003,0,3,3,3
679,1609060403.3762429,77.576099999999997,1,3,3,3
680,1609060403.44664,73.526621000000006,0,3,3,3
681,1609060403.5485373,75.084205999999995,0,3,3,3
682,1609060403.652328,75.24575999999999,0,3,3,3
683,1609060403.7546668,77.467516000000003,0,3,3,3
684,1609060403.8576736,78.500973999999999,0,3,3,3
685,1609060403.9606798,75.948223999999996,0,3,3,3
686,1609060404.0639191,77.958992000000009,0,3,3,3
687,1609060404.1668668,79.59299,0,3,3,3
688,1609060404.2699175,74.859662,0,3,3,3
689,1609060404.3728516,77.087508999999997,0,3,3,3
690,1609060404.4764509,79.587198999999998,1,3,3,3
691,1609060404.5463603,76.799948000000001,0,3,3,3
692,1609060404.6481354,77.136071000000001,0,3,3,3
693,1609060404.7512321,81.129705999999999,0,3,3,3
694,1609060404.8544645,77.348641000000001,0,3,3,3
695,1609060404.9576609,77.861568000000005,0,3,3,3
696,1609060405.0609357,79.279389000000009,0,3,3,3
697,1609060405.1637218,79.671756999999999,0,3,3,3
698,1609060405.2668195,79.341115000000002,0,3,3,3
699,1609060405.3699079,79.359268999999998,0,3,3,3
700,1609060405.472949,78.326192000000006,0,3,3,3
701,1609060405.5761642,79.978624999999994,0,3,3,3
702,1609060405.646256,76.990224999999995,0,3,3,3
703,1609060405.7479239,79.244833,0,3,3,3
704,1609060405.8514335,80.169916000000001,0,3,3,3
705,1609060405.9546103,88.785879999999992,0,3,3,3
706,1609060406.0578294,84.411758000000006,0,3,3,3
707,1609060406.1611156,83.643819999999991,0,3,3,3
708,1609060406.2640176,74.960189,0,3,3,3
709,1609060406.3671689,74.352524000000003,0,3,3,3
710,1609060406.4701431,74.301658000000003,0,3,3,3
711,1609060406.573261,81.531530000000004,0,3,3,3
712,1609060406.6763146,81.868945999999994,1,3,3,3
713,1609060406.7467313,74.21169900000001,0,3,3,3
714,1609060406.8485668,74.390946999999997,0,3,3,3
715,1609060406.9515233,75.387695000000008,0,3,3,3
716,1609060407.0546253,80.744226999999995,0,3,3,3
717,1609060407.1578057,81.763547000000003,0,3,3,3
718,1609060407.26074,80.85513499999999,0,3,3,3
719,1609060407.3638101,81.800796999999989,0,3,3,3
720,1609060407.4670305,79.928540000000012,0,3,3,3
721,1609060407.5701182,80.150156999999993,0,3,3,3
722,1609060407.6732686,83.196477000000002,0,3,3,3
723,1609060407.776957,83.583776,1,3,3,3
724,1609060407.8464687,76.992176000000001,0,3,3,3
725,1609060407.9482675,78.282948000000005,0,3,3,3
726,1609060408.0512812,78.650310000000005,0,3,3,3
727,1609060408.1544676,81.934408000000005,0,3,3,3
728,1609060408.2575455,82.017904999999999,0,3,3,3
729,1609060408.3609893,81.475002000000003,0,3,3,3
730,1609060408.4639215,84.711118999999997,0,3,3,3
731,1609060408.5672085,85.326689000000002,0,3,3,3
732,1609060408.6701071,82.329632000000004,0,3,3,3
733,1609060408.7731731,82.49333,0,3,3,3
734,1609060408.8770299,82.817780999999997,1,3,3,3
735,1609060408.9464996,77.107582999999991,0,3,3,3
736,1609060409.0484118,81.111525999999998,0,3,3,3
737,1609060409.1515567,75.631520999999992,0,3,3,3
738,1609060409.2546339,81.060109000000011,0,3,3,3
739,1609060409.3582807,76.701898,0,3,3,3
740,1609060409.4604616,79.840862000000001,0,3,3,3
741,1609060409.5638952,79.677283000000003,0,3,3,3
742,1609060409.6671321,77.56566500000001,0,3,3,3
743,1609060409.7700036,78.543498,0,3,3,3
744,1609060409.8730285,76.333322999999993,0,3,3,3
745,1609060409.9768243,81.671019999999999,1,3,3,3
746,1609060410.0465214,77.140584000000004,0,3,3,3
747,1609060410.1483529,76.454741000000013,0,3,3,3
748,1609060410.2516055,78.472972999999996,0,3,3,3
749,1609060410.3545289,80.01673199999999,0,3,3,3
750,1609060410.457834,80.066416000000004,0,3,3,3
751,1609060410.5611606,78.246707000000001,0,3,3,3
752,1609060410.6641192,79.456226000000001,0,3,3,3
753,1609060410.7680562,79.815652999999998,0,3,3,3
754,1609060410.870044,79.119821999999999,0,3,3,3
755,1609060410.9730968,76.920698000000002,0,3,3,3
756,1609060411.0758486,78.329262,1,3,3,3
757,1609060411.1462786,73.349218999999991,0,3,3,3
758,1609060411.2481289,73.723043000000004,0,3,3,3
759,1609060411.3518019,76.635480999999999,0,3,3,3
760,1609060411.4543529,78.289085999999998,0,3,3,3
761,1609060411.557281,77.636015999999998,0,3,3,3
762,1609060411.6607153,77.200023999999999,0,3,3,3
763,1609060411.7635043,75.108543999999995,0,3,3,3
764,1609060411.8666036,77.450927000000007,0,3,3,3
765,1609060411.9697511,74.51993499999999,0,3,3,3
766,1609060412.0726786,77.904110000000003,0,3,3,3
767,1609060412.1758161,78.621100999999996,1,3,3,3
768,1609060412.2462628,74.348289999999992,0,3,3,3
769,1609060412.3482151,75.064278999999999,0,3,3,3
770,1609060412.4513626,75.888582,0,3,3,3
771,1609060412.554657,74.817844999999991,0,3,3,3
772,1609060412.6582112,75.593435999999997,0,3,3,3
773,1609060412.7606413,75.600118999999992,0,3,3,3
774,1609060412.8635137,75.776129999999995,0,3,3,3
775,1609060412.966413,75.302207999999993,0,3,3,3
776,1609060413.0693913,75.470884999999996,0,3,3,3
777,1609060413.1723816,75.932524000000001,0,3,3,3
778,1609060413.275543,75.428123999999997,1,3,3,3
779,1609060413.3455257,71.537794000000005,0,3,3,3
780,1609060413.4475298,72.678883999999996,0,3,3,3
781,1609060413.5516069,82.798269999999988,0,3,3,3
782,1609060413.6540656,74.845776999999998,0,3,3,3
783,1609060413.7573037,78.747438000000002,0,3,3,3
784,1609060413.8605926,79.351535999999996,0,3,3,3
785,1609060413.9636359,74.42304,0,3,3,3
786,1609060414.0668292,79.369780000000006,0,3,3,3
787,1609060414.1697145,78.536480000000012,0,3,3,3
788,1609060414.2727656,74.935625000000002,0,3,3,3
789,1609060414.3756299,75.173634000000007,1,3,3,3
790,1609060414.4462457,73.221264999999988,0,3,3,3
791,1609060414.5482934,73.528574000000006,0,3,3,3
792,1609060414.6516633,73.777923000000001,0,3,3,3
793,1609060414.7540777,76.743571000000003,0,3,3,3
794,1609060414.8571646,82.507381000000009,0,3,3,3
795,1609060414.9602597,84.837240999999992,0,3,3,3
796,1609060415.0631688,76.432365000000004,0,3,3,3
797,1609060415.1666586,82.066037999999992,0,3,3,3
798,1609060415.2697134,76.492428000000004,0,3,3,3
799,1609060415.3728077,76.528575000000004,0,3,3,3
800,1609060415.47682,76.150973999999991,1,3,3,3
801,1609060415.5464256,72.761748999999995,0,3,3,3
802,1609060415.6480665,80.286325000000005,0,3,3,3
803,1609060415.751672,79.835785999999999,0,3,3,3
804,1609060415.8537436,76.597364999999996,0,3,3,3
805,1609060415.9567747,75.923365000000004,0,3,3,3
806,1609060416.0599892,78.930360000000007,0,3,3,3
807,1609060416.1627982,73.162732999999989,0,3,3,3
808,1609060416.2661102,72.467843999999999,0,3,3,3
809,1609060416.3692756,73.384569999999997,0,3,3,3
810,1609060416.4725008,73.063164999999998,0,3,3,3
811,1609060416.5762212,74.878124999999997,1,3,3,3
812,1609060416.6462798,88.756281999999999,0,3,3,3
813,1609060416.7480981,83.591571999999999,0,3,3,3
814,1609060416.8514771,82.097627000000003,0,3,3,3
815,1609060416.954308,79.033693999999997,0,3,3,3
816,1609060417.0572262,79.904984999999996,0,3,3,3
817,1609060417.1602519,83.953833000000003,0,3,3,3
818,1609060417.2638655,80.904226999999992,0,3,3,3
819,1609060417.3665724,80.416218000000001,0,3,3,3
820,1609060417.4702621,80.960883999999993,0,3,3,3
821,1609060417.5732188,75.222251999999997,0,3,3,3
822,1609060417.6767349,78.111024,1,3,3,3
823,1609060417.7464027,74.214974999999995,0,3,3,3
824,1609060417.8476839,72.502016999999995,0,3,3,3
825,1609060417.9502468,73.570329999999998,0,3,3,3
826,1609060418.0532937,80.430093999999997,0,3,3,3
827,1609060418.1563737,74.723030999999992,0,3,3,3
828,1609060418.2602737,79.468921999999992,0,3,3,3
829,1609060418.362824,74.913488999999998,0,3,3,3
830,1609060418.4662313,77.022913000000003,0,3,3,3
831,1609060418.5699828,76.693332999999996,0,3,3,3
832,1609060418.6727736,78.559798999999998,0,3,3,3
833,1609060418.7762566,77.202742000000001,1,3,3,3
834,1609060418.8462946,75.313412999999997,0,3,3,3
835,1609060418.9482102,76.670219000000003,0,3,3,3
836,1609060419.0511889,77.141646999999992,0,3,3,3
837,1609060419.1540129,81.476893999999987,0,3,3,3
838,1609060419.2573714,81.379029000000003,0,3,3,3
839,1609060419.360539,76.432731000000004,0,3,3,3
840,1609060419.4632876,79.680159000000003,0,3,3,3
841,1609060419.5664186,76.722076000000001,0,3,3,3
842,1609060419.6694069,78.328131999999997,0,3,3,3
843,1609060419.7725081,77.145412999999991,0,3,3,3
844,1609060419.8756149,79.352412000000001,1,3,3,3
845,1609060419.9458311,73.436735999999996,0,3,3,3
846,1609060420.0477262,74.739631000000003,0,3,3,3
847,1609060420.1510746,79.835902000000004,0,3,3,3
848,1609060420.2538481,79.836511999999999,0,3,3,3
849,1609060420.356889,76.059215999999992,0,3,3,3
850,1609060420.4600012,75.259039000000001,0,3,3,3
851,1609060420.5630558,75.289384999999996,0,3,3,3
852,1609060420.6661952,75.316637,0,3,3,3
853,1609060420.7692866,75.723002999999991,0,3,3,3
854,1609060420.872443,76.464500000000001,0,3,3,3
855,1609060420.9755676,75.911226999999997,1,3,3,3
856,1609060421.0459816,80.288613999999995,0,3,3,3
857,1609060421.1474919,67.981155999999999,0,3,3,3
858,1609060421.2506218,72.543601999999993,0,3,3,3
859,1609060421.3536167,72.068537000000006,0,3,3,3
860,1609060421.4568653,71.317051000000006,0,3,3,3
861,1609060421.5596402,72.278012000000004,0,3,3,3
862,1609060421.66312,72.14835699999999,0,3,3,3
863,1609060421.7665193,72.269154,0,3,3,3
864,1609060421.8693056,71.718306999999996,0,3,3,3
865,1609060421.9723165,80.659340999999998,0,3,3,3
866,1609060422.0754609,77.449374000000006,1,3,3,3
867,1609060422.1455493,69.956566999999993,0,3,3,3
868,1609060422.2474847,77.537749000000005,0,3,3,3
869,1609060422.3504891,74.668384000000003,0,3,3,3
870,1609060422.4536386,78.433877999999993,0,3,3,3
871,1609060422.5568447,75.798592999999997,0,3,3,3
872,1609060422.6602387,79.105392999999992,0,3,3,3
873,1609060422.7629936,77.522971999999996,0,3,3,3
874,1609060422.8664918,78.540259000000006,0,3,3,3
875,1609060422.9691644,79.447258000000005,0,3,3,3
876,1609060423.0721428,77.95711,0,3,3,3
877,1609060423.1750698,76.295158000000001,1,3,3,3
878,1609060423.2453971,72.648376999999996,0,3,3,3
879,1609060423.3472095,76.844030999999987,0,3,3,3
880,1609060423.4507151,75.083566000000005,0,3,3,3
881,1609060423.5534246,76.643625,0,3,3,3
882,1609060423.6567748,82.656593000000001,0,3,3,3
883,1609060423.7602751,76.544827999999995,0,3,3,3
884,1609060423.8627884,79.631653999999997,0,3,3,3
885,1609060423.9661677,78.112741999999997,0,3,3,3
886,1609060424.0692093,80.405700999999993,0,3,3,3
887,1609060424.1727266,76.634927000000005,0,3,3,3
888,1609060424.2755518,77.923825000000008,1,3,3,3
889,1609060424.3456416,74.154122999999998,0,3,3,3
890,1609060424.4473059,74.309034999999994,0,3,3,3
891,1609060424.5502591,76.261884000000009,0,3,3,3
892,1609060424.6533709,78.033462,0,3,3,3
893,1609060424.7565684,76.905237,0,3,3,3
894,1609060424.8597226,78.477407999999997,0,3,3,3
895,1609060424.9628613,77.153392999999994,0,3,3,3
896,1609060425.065985,78.116416999999998,0,3,3,3
897,1609060425.169179,77.208376000000001,0,3,3,3
898,1609060425.2721229,77.065196999999998,0,3,3,3
899,1609060425.3753841,72.461464000000007,1,3,3,3
900,1609060425.4452627,69.925265999999993,0,3,3,3
901,1609060425.5472879,72.340996000000004,0,3,3,3
902,1609060425.6505167,72.621565000000004,0,3,3,3
903,1609060425.7533464,74.977864000000011,0,3,3,3
904,1609060425.8566544,72.429342999999989,0,3,3,3
905,1609060425.9601076,75.322974000000002,0,3,3,3
906,1609060426.0629137,75.441848000000007,0,3,3,3
907,1609060426.166018,74.276722000000007,0,3,3,3
908,1609060426.2690692,76.035434999999993,0,3,3,3
909,1609060426.3720412,74.080833999999996,0,3,3,3
910,1609060426.475075,73.957481000000001,1,3,3,3
911,1609060426.545532,69.301228000000009,0,3,3,3
912,1609060426.6472692,72.279088999999999,0,3,3,3
913,1609060426.7504785,74.591745000000003,0,3,3,3
914,1609060426.8534734,76.083807000000007,0,3,3,3
915,1609060426.9565566,77.374268000000001,0,3,3,3
916,1609060427.0599816,74.227539999999991,0,3,3,3
917,1609060427.1627364,75.107467,0,3,3,3
918,1609060427.2658021,72.816971999999993,0,3,3,3
919,1609060427.3688631,73.566744,0,3,3,3
920,1609060427.4718568,72.348629000000003,0,3,3,3
921,1609060427.5746446,74.642730999999998,1,3,3,3
922,1609060427.6450415,73.542687999999998,0,3,3,3
923,1609060427.7473555,69.255150999999998,0,3,3,3
924,1609060427.8503902,74.205506999999997,0,3,3,3
925,1609060427.9536302,76.178464000000005,0,3,3,3
926,1609060428.0565853,79.309633000000005,0,3,3,3
927,1609060428.1600962,83.121052000000006,0,3,3,3
928,1609060428.2625258,77.299154000000001,0,3,3,3
929,1609060428.3658843,76.788542000000007,0,3,3,3
930,1609060428.4690022,77.245733999999999,0,3,3,3
931,1609060428.5722091,78.025734,0,3,3,3
932,1609060428.6753304,82.25976,1,3,3,3
933,1609060428.7457721,68.490839999999992,0,3,3,3
934,1609060428.8473902,73.895461999999995,0,3,3,3
935,1609060428.9506893,71.531199000000001,0,3,3,3
936,1609060429.0534036,84.676260999999997,0,3,3,3
937,1609060429.1564686,84.548180000000002,0,3,3,3
938,1609060429.2600307,84.982258000000002,0,3,3,3
939,1609060429.3624682,79.368701999999999,0,3,3,3
940,1609060429.4655461,77.629736000000008,0,3,3,3
941,1609060429.5688992,79.307427000000004,0,3,3,3
942,1609060429.6720691,78.465270000000004,0,3,3,3
943,1609060429.7751312,78.224616999999995,1,3,3,3
944,1609060429.8457053,75.050948000000005,0,3,3,3
945,1609060429.9475439,75.450700999999995,0,3,3,3
946,1609060430.0502501,76.356127000000001,0,3,3,3
947,1609060430.1534061,77.902057999999997,0,3,3,3
948,1609060430.2563081,77.689848000000012,0,3,3,3
949,1609060430.359381,76.539761999999996,0,3,3,3
950,1609060430.4622686,79.152363000000008,0,3,3,3
951,1609060430.5654721,78.721752000000009,0,3,3,3
952,1609060430.6687112,77.819924,0,3,3,3
953,1609060430.771873,75.799797999999996,0,3,3,3
954,1609060430.8752272,82.099085000000002,1,3,3,3
955,1609060430.9452646,74.915070999999998,0,3,3,3
956,1609060431.0473144,74.920110999999991,0,3,3,3
957,1609060431.1509118,73.105522000000008,0,3,3,3
958,1609060431.2533934,75.731848999999997,0,3,3,3
959,1609060431.3564491,74.408836000000008,0,3,3,3
960,1609060431.4595768,74.197518000000002,0,3,3,3
961,1609060431.5624125,75.374084999999994,0,3,3,3
962,1609060431.665617,76.802866999999992,0,3,3,3
963,1609060431.7689416,76.119610000000009,0,3,3,3
964,1609060431.8721561,77.001541000000003,0,3,3,3
965,1609060431.9758029,81.075876000000008,1,3,3,3
966,1609060432.0459998,73.760915999999995,0,3,3,3
967,1609060432.1473472,72.265737999999999,0,3,3,3
968,1609060432.2504134,73.661157000000003,0,3,3,3
969,1609060432.3532984,76.173500000000004,0,3,3,3
970,1609060432.4565032,79.873119000000003,0,3,3,3
971,1609060432.560302,74.355975999999998,0,3,3,3
972,1609060432.6624401,76.188677999999996,0,3,3,3
973,1609060432.7659578,75.311837000000011,0,3,3,3
974,1609060432.8690183,80.406464999999997,0,3,3,3
975,1609060432.9720891,78.436864,0,3,3,3
976,1609060433.0753064,80.300134,1,3,3,3
977,1609060433.1459918,76.212203000000002,0,3,3,3
978,1609060433.2473869,73.762888000000004,0,3,3,3
979,1609060433.3507602,75.340720000000005,0,3,3,3
980,1609060433.4534431,77.700806,0,3,3,3
981,1609060433.5567024,75.179617000000007,0,3,3,3
982,1609060433.6604798,78.990716000000006,0,3,3,3
983,1609060433.7622404,77.537257999999994,0,3,3,3
984,1609060433.8663578,76.502348999999995,0,3,3,3
985,1609060433.9684687,75.332114000000004,0,3,3,3
986,1609060434.0716066,80.827566000000004,0,3,3,3
987,1609060434.1752572,74.507630000000006,1,3,3,3
988,1609060434.2461431,72.154908000000006,0,3,3,3
989,1609060434.3474891,70.839841000000007,0,3,3,3
990,1609060434.4508479,74.695514000000003,0,3,3,3
991,1609060434.5536964,75.079878000000008,0,3,3,3
992,1609060434.6568596,74.139045999999993,0,3,3,3
993,1609060434.759409,75.574640000000002,0,3,3,3
994,1609060434.8630071,76.998582999999996,0,3,3,3
995,1609060434.9656131,74.567012000000005,0,3,3,3
996,1609060435.0688763,74.879249000000002,0,3,3,3
997,1609060435.1720884,77.185955000000007,0,3,3,3
998,1609060435.2756574,76.257987,1,3,3,3
999,1609060435.3455436,71.932748000000004,0,3,3,3
1000,1609060435.4471695,77.691997000000001,0,3,3,3
1001,1609060435.5502176,77.408272999999994,0,3,3,3
1002,1609060435.6533737,77.201723999999999,0,3,3,3
1003,1609060435.7564845,75.39699499999999,0,3,3,3
1004,1609060435.8594909,76.768078000000003,0,3,3,3
1005,1609060435.9625139,75.545254,0,3,3,3
1006,1609060436.0659974,76.576275999999993,0,3,3,3
1007,1609060436.168992,71.021601000000004,0,3,3,3
1008,1609060436.2720659,73.903009000000011,0,3,3,3
1009,1609060436.3755269,73.934859000000003,1,3,3,3
1010,1609060436.4455216,72.008961999999997,0,3,3,3
1011,1609060436.5474193,73.307446999999996,0,3,3,3
1012,1609060436.6503356,74.443817999999993,0,3,3,3
1013,1609060436.7534029,78.652527000000006,0,3,3,3
1014,1609060436.8568289,79.445630000000008,0,3,3,3
1015,1609060436.9596992,81.967881000000006,0,3,3,3
1016,1609060437.0626738,83.205372999999994,0,3,3,3
1017,1609060437.1658828,82.135626999999999,0,3,3,3
1018,1609060437.2690027,79.938177999999994,0,3,3,3
1019,1609060437.3720973,79.182092999999995,0,3,3,3
1020,1609060437.4750712,78.450555000000008,1,3,3,3
1021,1609060437.5453486,72.38531900000001,0,3,3,3
1022,1609060437.6480021,74.148171000000005,0,3,3,3
1023,1609060437.7505689,75.819007999999997,0,3,3,3
1024,1609060437.8532076,78.118900000000011,0,3,3,3
1025,1609060437.9570801,78.778733000000003,0,3,3,3
1026,1609060438.0599546,81.379232000000002,0,3,3,3
1027,1609060438.1629841,81.082152000000008,0,3,3,3
1028,1609060438.2661653,78.736311999999998,0,3,3,3
1029,1609060438.3693998,78.091026999999997,0,3,3,3
1030,1609060438.4722202,79.214453000000006,0,3,3,3
1031,1609060438.5758815,77.941284999999993,1,3,3,3
1032,1609060438.645488,72.646420000000006,0,3,3,3
1033,1609060438.7476928,75.822202000000004,0,3,3,3
1034,1609060438.8503902,73.998908,0,3,3,3
1035,1609060438.95329,77.191621999999995,0,3,3,3
1036,1609060439.0564246,79.769378000000003,0,3,3,3
1037,1609060439.1596987,77.561537999999999,0,3,3,3
1038,1609060439.2626975,77.085821999999993,0,3,3,3
1039,1609060439.3663402,77.852316000000002,0,3,3,3
1040,1609060439.4688084,81.158614,0,3,3,3
1041,1609060439.5720401,76.178302000000002,0,3,3,3
1042,1609060439.6749985,79.676522000000006,1,3,3,3
1043,1609060439.7453623,72.384766999999997,0,3,3,3
1044,1609060439.8473043,74.991857999999993,0,3,3,3
1045,1609060439.950345,76.540195000000011,0,3,3,3
1046,1609060440.0538571,81.231482,0,3,3,3
1047,1609060440.1571693,78.130659000000009,0,3,3,3
1048,1609060440.2604027,77.744782999999998,0,3,3,3
1049,1609060440.3631742,78.555399999999992,0,3,3,3
1050,1609060440.4661934,78.599142000000001,0,3,3,3
1051,1609060440.5694518,77.20758099999999,0,3,3,3
1052,1609060440.6724157,78.947068000000002,0,3,3,3
1053,1609060440.7761815,78.122214,1,3,3,3
1054,1609060440.8459091,74.52637,0,3,3,3
1055,1609060440.9477208,77.796810999999991,0,3,3,3
1056,1609060441.0505459,76.21383800000001,0,3,3,3
1057,1609060441.1535149,73.253481999999991,0,3,3,3
1058,1609060441.2568617,73.625231999999997,0,3,3,3
1059,1609060441.360482,72.861533000000009,0,3,3,3
1060,1609060441.4630466,74.836003000000005,0,3,3,3
1061,1609060441.5663433,72.923038999999989,0,3,3,3
1062,1609060441.6695266,74.994581000000011,0,3,3,3
1063,1609060441.7722697,75.891260000000003,0,3,3,3
1064,1609060441.8753293,74.404849999999996,1,3,3,3
1065,1609060441.9456103,72.694518000000002,0,3,3,3
1066,1609060442.047533,76.02830800000001,0,3,3,3
1067,1609060442.1506312,76.932681000000002,0,3,3,3
1068,1609060442.2537684,77.668877999999992,0,3,3,3
1069,1609060442.357203,77.450946999999999,0,3,3,3
1070,1609060442.4601188,88.424718999999996,0,3,3,3
1071,1609060442.5630529,99.171312,0,3,3,3
1072,1609060442.6658652,77.82452099999999,0,3,3,3
1073,1609060442.7689133,79.06925600000001,0,3,3,3
1074,1609060442.8720689,78.887372999999997,0,3,3,3
1075,1609060442.9755147,80.563721000000001,1,3,3,3
1076,1609060443.0455582,76.472763999999998,0,3,3,3
1077,1609060443.1472955,82.604303999999999,0,3,3,3
1078,1609060443.2504823,82.627127000000002,0,3,3,3
1079,1609060443.353492,80.464362999999992,0,3,3,3
1080,1609060443.4569643,79.822703999999987,0,3,3,3
1081,1609060443.5593984,79.150296999999995,0,3,3,3
1082,1609060443.6630211,80.447350999999998,0,3,3,3
1083,1609060443.7661357,78.693456999999995,0,3,3,3
1084,1609060443.8693821,78.795048000000008,0,3,3,3
1085,1609060443.9719322,79.221321000000003,0,3,3,3
1086,1609060444.0749383,82.603311000000005,1,3,3,3
1087,1609060444.1453485,78.238940000000014,0,3,3,3
1088,1609060444.2470376,81.083437999999987,0,3,3,3
1089,1609060444.3513854,77.503354000000002,0,3,3,3
1090,1609060444.4532139,80.366146999999998,0,3,3,3
1091,1609060444.5567577,84.635399000000007,0,3,3,3
1092,1609060444.6596332,87.252488,0,3,3,3
1093,1609060444.7626429,79.263008999999997,0,3,3,3
1094,1609060444.8654213,81.591364999999996,0,3,3,3
1095,1609060444.9683077,79.668010999999993,0,3,3,3
1096,1609060445.0713859,80.203559999999996,0,3,3,3
1097,1609060445.1746225,78.443514000000008,1,3,3,3
1098,1609060445.2449577,73.823863000000003,0,3,3,3
1099,1609060445.3472564,75.058898999999997,0,3,3,3
1100,1609060445.4513485,77.742853999999994,0,3,3,3
1101,1609060445.5534084,78.184977000000003,0,3,3,3
1102,1609060445.6568587,77.212434999999999,0,3,3,3
1103,1609060445.7595599,76.919313000000002,0,3,3,3
1104,1609060445.862653,79.065195000000003,0,3,3,3
1105,1609060445.9657166,76.230165,0,3,3,3
1106,1609060446.0689175,77.434543999999988,0,3,3,3
1107,1609060446.1721065,73.821927000000002,0,3,3,3
1108,1609060446.2757242,78.213279999999997,1,3,3,3
1109,1609060446.3456657,95.56843099999999,1,3,3,3
1110,1609060446.4472213,78.924047999999999,0,3,3,3
1111,1609060446.5511529,77.244244000000009,0,3,3,3
1112,1609060446.6532042,76.397008,0,3,3,3
1113,1609060446.7563961,84.626909999999995,0,3,3,3
1114,1609060446.8592298,78.140301999999991,0,3,3,3
1115,1609060446.9623966,75.336341000000004,0,3,3,3
1116,1609060447.0654101,82.348318000000006,0,3,3,3
1117,1609060447.1685593,75.758915000000002,0,3,3,3
1118,1609060447.2721233,75.67016799999999,0,3,3,3
1119,1609060447.3751566,75.072110999999992,0,3,3,3
1120,1609060447.444916,73.098714000000001,1,3,3,3
1121,1609060447.5467048,70.348995000000002,0,3,3,3
1122,1609060447.6499987,72.946177000000006,0,3,3,3
1123,1609060447.7528739,75.382366000000005,0,3,3,3
1124,1609060447.8560839,76.445799999999991,0,3,3,3
1125,1609060447.9590952,77.614249999999998,0,3,3,3
1126,1609060448.0622003,79.392018999999991,0,3,3,3
1127,1609060448.1654899,76.608814999999993,0,3,3,3
1128,1609060448.2685647,73.292479,0,3,3,3
1129,1609060448.3715386,75.612387999999996,0,3,3,3
1130,1609060448.474556,76.116838999999999,1,3,3,3
1131,1609060448.5448158,73.392718000000002,0,3,3,3
1132,1609060448.6467152,75.134078000000002,0,3,3,3
1133,1609060448.7499523,73.245500000000007,0,3,3,3
1134,1609060448.8531666,74.501896000000002,0,3,3,3
1135,1609060448.9564075,75.153675000000007,0,3,3,3
1136,1609060449.0594919,76.254166999999995,0,3,3,3
1137,1609060449.1627178,75.085034999999991,0,3,3,3
1138,1609060449.266259,77.91219000000001,0,3,3,3
1139,1609060449.3689237,80.427939000000009,0,3,3,3
1140,1609060449.4720976,75.428239999999988,0,3,3,3
1141,1609060449.5752101,74.438355999999999,1,3,3,3
1142,1609060449.6452901,73.388238000000001,0,3,3,3
1143,1609060449.7469709,76.684275999999997,0,3,3,3
1144,1609060449.8503013,76.749339000000006,0,3,3,3
1145,1609060449.9526246,80.971492000000012,0,3,3,3
1146,1609060450.055932,78.899208999999999,0,3,3,3
1147,1609060450.1595466,79.498136000000002,0,3,3,3
1148,1609060450.2625015,79.414718999999991,0,3,3,3
1149,1609060450.3656051,80.814565000000002,0,3,3,3
1150,1609060450.4689891,80.390957999999998,0,3,3,3
1151,1609060450.5718145,79.861700999999996,0,3,3,3
1152,1609060450.6750181,80.833901999999995,1,3,3,3
1153,1609060450.7450414,77.943237999999994,0,3,3,3
1154,1609060450.8468795,77.148540999999994,0,3,3,3
1155,1609060450.9499826,75.773719999999997,0,3,3,3
1156,1609060451.053097,80.653542000000002,0,3,3,3
1157,1609060451.1563418,77.116109000000009,0,3,3,3
1158,1609060451.2594748,79.361608000000004,0,3,3,3
1159,1609060451.3623538,78.871724999999998,0,3,3,3
1160,1609060451.4656816,78.259912,0,3,3,3
1161,1609060451.5686789,77.228960999999998,0,3,3,3
1162,1609060451.6714375,76.121835000000004,0,3,3,3
1163,1609060451.7746696,77.723922999999999,1,3,3,3
1164,1609060451.8450418,74.488258999999999,0,3,3,3
1165,1609060451.9467413,74.183645000000013,0,3,3,3
1166,1609060452.0498366,75.796903999999998,0,3,3,3
1167,1609060452.1530302,77.543040999999988,0,3,3,3
1168,1609060452.2564173,76.351578000000003,0,3,3,3
1169,1609060452.3592792,77.090959999999995,0,3,3,3
1170,1609060452.462296,78.164382000000003,0,3,3,3
1171,1609060452.5654724,79.904228999999987,0,3,3,3
1172,1609060452.6695151,76.49037899999999,0,3,3,3
1173,1609060452.7715473,77.920752999999991,0,3,3,3
1174,1609060452.8747258,81.334393000000006,1,3,3,3
1175,1609060452.9453855,76.015945000000002,0,3,3,3
1176,1609060453.0471601,77.287499999999994,0,3,3,3
1177,1609060453.1506872,77.326682999999989,0,3,3,3
1178,1609060453.2532938,78.676425999999992,0,3,3,3
1179,1609060453.3568072,77.853324999999998,0,3,3,3
1180,1609060453.4593771,77.255459000000002,0,3,3,3
1181,1609060453.5624745,77.546497000000002,0,3,3,3
1182,1609060453.6656685,77.049109999999999,0,3,3,3
1183,1609060453.768491,77.933176000000003,0,3,3,3
1184,1609060453.8715515,79.653947000000002,0,3,3,3
1185,1609060453.9747601,77.902518000000001,1,3,3,3
1186,1609060454.0450568,74.489718999999994,0,3,3,3
1187,1609060454.1467643,73.798977000000008,0,3,3,3
1188,1609060454.2499461,76.102937999999995,0,3,3,3
1189,1609060454.3530173,80.104052999999993,0,3,3,3
1190,1609060454.4562364,83.555354999999992,0,3,3,3
1191,1609060454.5591772,81.091853999999998,0,3,3,3
1192,1609060454.6623528,83.54015600000001,0,3,3,3
1193,1609060454.7655358,77.203901000000002,0,3,3,3
1194,1609060454.8686619,78.657097999999991,0,3,3,3
1195,1609060454.9718413,80.502634999999998,0,3,3,3
1196,1609060455.0748503,83.443332999999996,1,3,3,3
1197,1609060455.1448827,74.93451499999999,0,3,3,3
1198,1609060455.2466612,75.994883000000002,0,3,3,3
1199,1609060455.3496828,79.500614999999996,0,3,3,3
1200,1609060455.4531798,83.712109000000012,0,3,3,3
1201,1609060455.5565128,80.323816000000008,0,3,3,3
1202,1609060455.6594036,79.524741999999989,0,3,3,3
1203,1609060455.7624936,81.100430000000003,0,3,3,3
1204,1609060455.8656504,77.484808999999998,0,3,3,3
1205,1609060455.9686718,77.768153000000012,0,3,3,3
1206,1609060456.0720758,78.729863999999992,0,3,3,3
1207,1609060456.1746151,77.869602999999998,1,3,3,3
1208,1609060456.2448149,76.483341999999993,0,3,3,3
1209,1609060456.3465538,76.283565999999993,0,3,3,3
1210,1609060456.4493279,75.927806000000004,0,3,3,3
1211,1609060456.5525944,81.059260999999992,0,3,3,3
1212,1609060456.655539,80.076679999999996,0,3,3,3
1213,1609060456.7596645,78.414539000000005,0,3,3,3
1214,1609060456.861769,79.120198000000002,0,3,3,3
1215,1609060456.9648254,82.191414000000009,0,3,3,3
1216,1609060457.0681691,81.198262,0,3,3,3
1217,1609060457.1713722,79.426996000000003,0,3,3,3
1218,1609060457.2745667,82.241947999999994,1,3,3,3
1219,1609060457.3450301,74.040359999999993,0,3,3,3
1220,1609060457.4467971,75.687582000000006,0,3,3,3
1221,1609060457.5498598,76.660826,0,3,3,3
1222,1609060457.6532776,81.056865000000002,0,3,3,3
1223,1609060457.7564409,80.139097000000007,0,3,3,3
1224,1609060457.8591802,81.650272999999999,0,3,3,3
1225,1609060457.9618409,81.662244999999999,0,3,3,3
1226,1609060458.0654051,87.159109000000001,0,3,3,3
1227,1609060458.168175,81.187270000000012,0,3,3,3
1228,1609060458.2711358,77.251536999999999,0,3,3,3
1229,1609060458.3748236,78.174265000000005,1,3,3,3
1230,1609060458.4443965,71.937728000000007,0,3,3,3
1231,1609060458.5464849,74.939453,0,3,3,3
1232,1609060458.6496103,79.58056400000001,0,3,3,3
1233,1609060458.7529316,79.897239999999996,0,3,3,3
1234,1609060458.8561025,79.39597599999999,0,3,3,3
1235,1609060458.9591446,78.108591000000004,0,3,3,3
1236,1609060459.0621054,82.270589999999999,0,3,3,3
1237,1609060459.1650741,77.750916000000004,0,3,3,3
1238,1609060459.2683163,76.674509,0,3,3,3
1239,1609060459.3712394,78.828425999999993,0,3,3,3
1240,1609060459.4744024,76.494259999999997,1,3,3,3
1241,1609060459.5449533,73.786709000000002,0,3,3,3
1242,1609060459.6468456,74.337697999999989,0,3,3,3
1243,1609060459.7497766,79.240052000000006,0,3,3,3
1244,1609060459.8529274,77.569604999999996,0,3,3,3
1245,1609060459.9559195,79.645986000000008,0,3,3,3
1246,1609060460.0590017,77.815477999999999,0,3,3,3
1247,1609060460.1620882,86.195751999999999,0,3,3,3
1248,1609060460.2655141,78.344944999999996,0,3,3,3
1249,1609060460.3684556,77.834714000000005,0,3,3,3
1250,1609060460.4712713,84.038457999999991,0,3,3,3
1251,1609060460.5742333,80.505264000000011,1,3,3,3
1252,1609060460.6446638,75.173120999999995,0,3,3,3
1253,1609060460.7466967,82.552498999999997,1,3,3,3
1254,1609060460.8492951,79.789546000000001,0,3,3,3
1255,1609060460.9526188,78.126733999999999,0,3,3,3
1256,1609060461.0562849,80.082177000000001,0,3,3,3
1257,1609060461.1589088,79.586883,0,3,3,3
1258,1609060461.2620618,86.269378999999986,0,3,3,3
1259,1609060461.3652658,79.18476600000001,0,3,3,3
1260,1609060461.468437,80.338930000000005,0,3,3,3
1261,1609060461.5715384,80.06841,0,3,3,3
1262,1609060461.6747344,78.932490999999999,1,3,3,3
1263,1609060461.744972,75.155726999999999,0,3,3,3
1264,1609060461.8464653,74.301288,0,3,3,3
1265,1609060461.9498692,77.722350999999989,0,3,3,3
1266,1609060462.0526271,80.529999000000004,0,3,3,3
1267,1609060462.1558003,75.353938999999997,0,3,3,3
1268,1609060462.258868,75.743883999999994,0,3,3,3
1269,1609060462.3620019,74.878953999999993,0,3,3,3
1270,1609060462.4651184,79.448360999999991,0,3,3,3
1271,1609060462.5682156,75.676075999999995,0,3,3,3
1272,1609060462.671386,76.476061999999999,0,3,3,3
1273,1609060462.7746596,76.562976000000006,1,3,3,3
1274,1609060462.8446167,73.484037999999998,0,3,3,3
1275,1609060462.946068,74.061003999999997,0,3,3,3
1276,1609060463.0497344,78.143203,0,3,3,3
1277,1609060463.1526961,76.997293999999997,0,3,3,3
1278,1609060463.2560191,74.772493999999995,0,3,3,3
1279,1609060463.3589823,77.836284000000006,0,3,3,3
1280,1609060463.4619684,75.892713000000001,0,3,3,3
1281,1609060463.5649762,74.399940999999998,0,3,3,3
1282,1609060463.6682143,77.264707000000001,0,3,3,3
1283,1609060463.7712402,73.942459999999997,0,3,3,3
1284,1609060463.8742161,78.451272000000003,1,3,3,3
1285,1609060463.9446375,71.905743999999999,0,3,3,3
1286,1609060464.0464292,74.839049000000003,0,3,3,3
1287,1609060464.1496484,77.703583000000009,0,3,3,3
1288,1609060464.2527299,78.530670999999998,0,3,3,3
1289,1609060464.3562655,78.601484999999997,0,3,3,3
1290,1609060464.4589684,80.914740999999992,0,3,3,3
1291,1609060464.5619102,78.886381,0,3,3,3
1292,1609060464.6651027,84.633025000000004,0,3,3,3
1293,1609060464.7682421,80.147736999999992,0,3,3,3
1294,1609060464.8716648,80.843868000000001,0,3,3,3
1295,1609060464.9748392,82.825620000000001,1,3,3,3
1296,1609060465.0446723,81.855041999999997,0,3,3,3
1297,1609060465.1465142,76.40701,0,3,3,3
1298,1609060465.2496712,74.702118999999996,0,3,3,3
1299,1609060465.3528035,77.817467000000008,0,3,3,3
1300,1609060465.4566479,79.667321000000001,0,3,3,3
1301,1609060465.5590718,78.7166,0,3,3,3
1302,1609060465.6620369,78.444997999999998,0,3,3,3
1303,1609060465.765172,79.403044000000008,0,3,3,3
1304,1609060465.8681543,82.745569000000003,0,3,3,3
1305,1609060465.9712613,80.402315000000002,0,3,3,3
1306,1609060466.0747821,74.818809000000002,1,3,3,3
1307,1609060466.1444857,71.658647000000002,0,3,3,3
1308,1609060466.2463331,70.732350999999994,0,3,3,3
1309,1609060466.3495147,72.146424999999994,0,3,3,3
1310,1609060466.4528079,76.777216999999993,0,3,3,3
1311,1609060466.5565495,75.463912999999991,0,3,3,3
1312,1609060466.6592386,76.943338999999995,0,3,3,3
1313,1609060466.7619474,77.135971999999995,0,3,3,3
1314,1609060466.865077,75.672084999999996,0,3,3,3
1315,1609060466.9681642,76.127964000000006,0,3,3,3
1316,1609060467.0713654,73.921988999999996,0,3,3,3
1317,1609060467.1747394,75.250189999999989,1,3,3,3
1318,1609060467.2447748,70.907380000000003,0,3,3,3
1319,1609060467.346622,76.266904999999994,0,3,3,3
1320,1609060467.4497173,76.649495000000002,0,3,3,3
1321,1609060467.552038,76.008267000000004,0,3,3,3
1322,1609060467.6561627,75.251011000000005,0,3,3,3
1323,1609060467.7588634,78.167384000000013,0,3,3,3
1324,1609060467.8622687,77.561172999999997,0,3,3,3
1325,1609060467.9657276,77.45801800000001,0,3,3,3
1326,1609060468.0689898,76.241365999999999,0,3,3,3
1327,1609060468.1720624,76.135998000000001,0,3,3,3
1328,1609060468.2747834,74.407131000000007,1,3,3,3
1329,1609060468.3447213,68.905098999999993,0,3,3,3
1330,1609060468.4465404,72.935940000000002,0,3,3,3
1331,1609060468.5492585,80.797025999999988,0,3,3,3
1332,1609060468.6521194,75.727027000000007,0,3,3,3
1333,1609060468.7554367,80.664615999999995,0,3,3,3
1334,1609060468.8582733,77.151961,0,3,3,3
1335,1609060468.9612262,74.494456,0,3,3,3
1336,1609060469.0648258,75.149498999999992,0,3,3,3
1337,1609060469.1678329,76.582015999999996,0,3,3,3
1338,1609060469.2710655,82.39327200000001,0,3,3,3
1339,1609060469.3746448,90.624324000000001,1,3,3,3
1340,1609060469.4445953,75.387706999999992,0,3,3,3
1341,1609060469.5465634,75.873080999999999,0,3,3,3
1342,1609060469.6494732,82.304463999999996,0,3,3,3
1343,1609060469.7524769,82.953046000000001,0,3,3,3
1344,1609060469.8555942,86.097808000000001,0,3,3,3
1345,1609060469.9592154,80.182677999999996,0,3,3,3
1346,1609060470.0616298,83.596878000000004,0,3,3,3
1347,1609060470.1647928,78.804811999999998,0,3,3,3
1348,1609060470.2680681,79.734422999999992,0,3,3,3
1349,1609060470.3711643,83.276843999999997,0,3,3,3
1350,1609060470.474195,82.898140999999995,1,3,3,3
1351,1609060470.5443652,81.645781999999997,0,3,3,3
1352,1609060470.6462166,80.629678999999996,0,3,3,3
1353,1609060470.7492726,77.450480999999996,0,3,3,3
1354,1609060470.8524694,85.119014000000007,0,3,3,3
1355,1609060470.9556332,81.092489999999998,0,3,3,3
1356,1609060471.058557,86.661608999999999,0,3,3,3
1357,1609060471.1615438,82.364063999999999,0,3,3,3
1358,1609060471.2646444,79.326453000000001,0,3,3,3
1359,1609060471.367713,81.303217000000004,0,3,3,3
1360,1609060471.4707861,83.03675100000001,0,3,3,3
1361,1609060471.5738728,81.615214000000009,1,3,3,3
1362,1609060471.6442533,81.685896999999997,0,3,3,3
1363,1609060471.7459922,84.573785999999998,0,3,3,3
1364,1609060471.8490558,79.648971000000003,0,3,3,3
1365,1609060471.9521368,87.588112999999993,0,3,3,3
1366,1609060472.0555079,85.528223999999994,0,3,3,3
1367,1609060472.158577,84.305551000000008,0,3,3,3
1368,1609060472.2616696,86.217942000000008,0,3,3,3
1369,1609060472.3654933,90.278028999999989,0,3,3,3
1370,1609060472.4680502,81.496719999999996,0,3,3,3
1371,1609060472.5709198,82.164237,0,3,3,3
1372,1609060472.6740186,82.312286,1,3,3,3
1373,1609060472.7443163,77.925733999999991,0,3,3,3
1374,1609060472.8458433,78.625742000000002,0,3,3,3
1375,1609060472.9486032,86.122320999999999,0,3,3,3
1376,1609060473.0515566,85.899571999999992,0,3,3,3
1377,1609060473.1551046,80.195598000000004,0,3,3,3
1378,1609060473.2588995,85.04956,0,3,3,3
1379,1609060473.3612015,82.864013999999997,0,3,3,3
1380,1609060473.4646924,84.832402000000002,0,3,3,3
1381,1609060473.5678911,83.101472000000001,0,3,3,3
1382,1609060473.6712394,84.224106000000006,0,3,3,3
1383,1609060473.7745209,84.806101999999996,1,3,3,3
1384,1609060473.8446128,75.377234000000001,0,3,3,3
1385,1609060473.9462223,81.133755000000008,0,3,3,3
1386,1609060474.0491753,78.328521999999992,0,3,3,3
1387,1609060474.1521552,79.088001000000006,0,3,3,3
1388,1609060474.2551634,76.043317000000002,0,3,3,3
1389,1609060474.3583453,76.516529000000006,0,3,3,3
1390,1609060474.4610767,81.984437,0,3,3,3
1391,1609060474.5646007,79.488897000000009,0,3,3,3
1392,1609060474.6675797,77.691832000000005,0,3,3,3
1393,1609060474.7705259,78.023606999999998,0,3,3,3
1394,1609060474.873491,77.745262999999994,1,3,3,3
1395,1609060474.9437003,78.255562999999995,0,3,3,3
1396,1609060475.0456278,76.081620000000001,0,3,3,3
1397,1609060475.1494772,76.166910000000001,0,3,3,3
1398,1609060475.2520154,75.435030999999995,0,3,3,3
1399,1609060475.3551338,76.15755200000001,0,3,3,3
1400,1609060475.4591126,75.754051000000004,0,3,3,3
1401,1609060475.5612314,75.779019000000005,0,3,3,3
1402,1609060475.6643052,76.660839999999993,0,3,3,3
1403,1609060475.7672818,74.52271300000001,0,3,3,3
1404,1609060475.8703933,76.443731,0,3,3,3
1405,1609060475.9734824,78.916347000000002,1,3,3,3
1406,1609060476.0438848,79.241410000000002,0,3,3,3
1407,1609060476.1456468,83.848115000000007,0,3,3,3
1408,1609060476.2487316,83.031086000000002,0,3,3,3
1409,1609060476.3522964,77.576673,0,3,3,3
1410,1609060476.4550285,80.704843999999994,0,3,3,3
1411,1609060476.5587952,79.959530999999998,0,3,3,3
1412,1609060476.661309,77.567785999999998,0,3,3,3
1413,1609060476.7643044,81.932607000000004,0,3,3,3
1414,1609060476.867455,79.342349000000013,0,3,3,3
1415,1609060476.97051,77.703653000000003,0,3,3,3
1416,1609060477.0741808,80.018801999999994,1,3,3,3
1417,1609060477.143769,75.895195999999999,0,3,3,3
1418,1609060477.2454798,79.072389000000001,0,3,3,3
1419,1609060477.3487511,80.509876999999989,0,3,3,3
1420,1609060477.4516087,79.270924000000008,0,3,3,3
1421,1609060477.5552211,78.878826000000004,0,3,3,3
1422,1609060477.6588907,80.94427499999999,0,3,3,3
1423,1609060477.7610383,79.982364000000004,0,3,3,3
1424,1609060477.8644509,81.514648999999991,0,3,3,3
1425,1609060477.9673607,78.091031000000001,0,3,3,3
1426,1609060478.0705528,82.944692000000003,0,3,3,3
1427,1609060478.1735804,81.211317000000008,1,3,3,3
1428,1609060478.2436848,75.557268999999991,0,3,3,3
1429,1609060478.3457212,77.646534000000003,0,3,3,3
1430,1609060478.448864,76.660316000000009,0,3,3,3
1431,1609060478.5522513,78.343835999999996,0,3,3,3
1432,1609060478.6554673,80.621707000000001,0,3,3,3
1433,1609060478.7588658,79.065336000000002,0,3,3,3
1434,1609060478.8614414,79.527736000000004,0,3,3,3
1435,1609060478.9644721,78.258126000000004,0,3,3,3
1436,1609060479.0674722,79.277053999999993,0,3,3,3
1437,1609060479.1704452,81.324258999999998,0,3,3,3
1438,1609060479.273658,83.818826999999999,1,3,3,3
1439,1609060479.3442037,78.148849000000013,0,3,3,3
1440,1609060479.4461176,82.573230999999993,0,3,3,3
1441,1609060479.5491121,79.473793999999998,0,3,3,3
1442,1609060479.6521184,82.724806000000001,0,3,3,3
1443,1609060479.7550976,85.880068000000009,0,3,3,3
1444,1609060479.858285,81.354896999999994,0,3,3,3
1445,1609060479.9610848,83.348190000000002,0,3,3,3
1446,1609060480.0642102,82.135165000000001,0,3,3,3
1447,1609060480.1674478,77.480909999999994,0,3,3,3
1448,1609060480.2705607,74.020832999999996,0,3,3,3
1449,1609060480.3737504,76.113073,1,3,3,3
1450,1609060480.4440341,74.946316999999993,0,3,3,3
1451,1609060480.545738,71.776997999999992,0,3,3,3
1452,1609060480.648891,73.694428000000002,0,3,3,3
1453,1609060480.7516689,75.925809999999998,0,3,3,3
1454,1609060480.8550158,78.907675999999995,0,3,3,3
1455,1609060480.9579086,75.764206999999999,0,3,3,3
1456,1609060481.0610557,78.132526999999996,0,3,3,3
1457,1609060481.1641164,77.70527100000001,0,3,3,3
1458,1609060481.2671556,77.876773999999997,0,3,3,3
1459,1609060481.370208,76.293923000000007,0,3,3,3
1460,1609060481.4735715,81.486953999999997,1,3,3,3
1461,1609060481.5438349,72.665710999999988,0,3,3,3
1462,1609060481.6455646,76.883133000000001,0,3,3,3
1463,1609060481.7489078,79.325050999999988,0,3,3,3
1464,1609060481.8518493,80.587418999999997,0,3,3,3
1465,1609060481.9553268,75.341199000000003,0,3,3,3
1466,1609060482.0581834,76.384423000000012,0,3,3,3
1467,1609060482.1609623,75.619862999999995,0,3,3,3
1468,1609060482.2642267,75.064306999999999,0,3,3,3
1469,1609060482.3683279,75.420216999999994,0,3,3,3
1470,1609060482.4703653,76.464242999999996,0,3,3,3
1471,1609060482.573411,78.369532000000007,1,3,3,3
1472,1609060482.6438518,71.689751999999999,0,3,3,3
1473,1609060482.7455568,72.423393000000004,0,3,3,3
1474,1609060482.8493679,75.905491000000012,0,3,3,3
1475,1609060482.9512012,77.793517000000008,0,3,3,3
1476,1609060483.0542917,77.354289000000009,0,3,3,3
1477,1609060483.1573205,76.483177999999995,0,3,3,3
1478,1609060483.2608075,76.429676999999998,0,3,3,3
1479,1609060483.3637924,78.855596000000006,0,3,3,3
1480,1609060483.4670799,76.872010000000003,0,3,3,3
1481,1609060483.5701795,74.441262999999992,0,3,3,3
1482,1609060483.673353,76.698233000000002,1,3,3,3
1483,1609060483.7437961,72.515146000000001,0,3,3,3
1484,1609060483.8458998,74.592157,0,3,3,3
1485,1609060483.9493041,74.260793000000007,0,3,3,3
1486,1609060484.0516396,78.015503999999993,0,3,3,3
1487,1609060484.154917,80.00288599999999,0,3,3,3
1488,1609060484.2579713,75.568995000000001,0,3,3,3
1489,1609060484.3609514,75.530512999999999,0,3,3,3
1490,1609060484.4639699,79.129249999999999,0,3,3,3
1491,1609060484.5670955,75.629129000000006,0,3,3,3
1492,1609060484.6700671,75.017386000000002,0,3,3,3
1493,1609060484.7733195,76.295995000000005,1,3,3,3
1494,1609060484.8436806,72.612527999999998,0,3,3,3
1495,1609060484.9455819,73.178393,0,3,3,3
1496,1609060485.0485773,74.145354999999995,0,3,3,3
1497,1609060485.1514888,77.766032999999993,0,3,3,3
1498,1609060485.2547517,75.143263000000005,0,3,3,3
1499,1609060485.3577747,77.473492000000007,0,3,3,3
1500,1609060485.4610016,76.497905000000003,0,3,3,3
1501,1609060485.5637705,77.487988999999999,0,3,3,3
1502,1609060485.6669705,76.138857999999999,0,3,3,3
1503,1609060485.7703202,78.507269000000008,0,3,3,3
1504,1609060485.873342,80.170952,1,3,3,3
1505,1609060485.9436529,78.40512600000001,0,3,3,3
1506,1609060486.0454488,82.515536999999995,0,3,3,3
1507,1609060486.1486118,79.739027000000007,0,3,3,3
1508,1609060486.2518983,79.481041000000005,0,3,3,3
1509,1609060486.3549142,79.325789,0,3,3,3
1510,1609060486.4579959,86.520657999999997,0,3,3,3
1511,1609060486.561507,77.863884999999996,0,3,3,3
1512,1609060486.6642118,80.844018000000005,0,3,3,3
1513,1609060486.7670827,78.851315,0,3,3,3
1514,1609060486.8702238,79.061009999999996,0,3,3,3
1515,1609060486.9733219,82.146591000000001,1,3,3,3
1516,1609060487.0436578,78.27132300000001,0,3,3,3
1517,1609060487.145503,80.178142999999992,0,3,3,3
1518,1609060487.2492509,78.087406000000001,0,3,3,3
1519,1609060487.3521433,82.767830000000004,0,3,3,3
1520,1609060487.4554658,84.040065999999996,0,3,3,3
1521,1609060487.5583708,84.567689999999999,0,3,3,3
1522,1609060487.6614172,86.688844000000003,0,3,3,3
1523,1609060487.7648225,78.937415999999999,0,3,3,3
1524,1609060487.8679774,81.807361999999998,0,3,3,3
1525,1609060487.9707222,79.585616999999999,0,3,3,3
1526,1609060488.0739787,79.965361999999999,1,3,3,3
1527,1609060488.1441238,73.025171999999998,0,3,3,3
1528,1609060488.2457905,73.92085800000001,0,3,3,3
1529,1609060488.3486414,74.718581,0,3,3,3
1530,1609060488.4515488,82.864141000000004,0,3,3,3
1531,1609060488.5547619,79.93636699999999,0,3,3,3
1532,1609060488.6581659,83.480952000000002,0,3,3,3
1533,1609060488.7609117,79.314836999999997,0,3,3,3
1534,1609060488.8641927,84.013114000000002,0,3,3,3
1535,1609060488.967212,81.418087,0,3,3,3
1536,1609060489.0705254,83.615745000000004,0,3,3,3
1537,1609060489.1737406,85.418700000000001,1,3,3,3
1538,1609060489.2439513,74.784413999999998,0,3,3,3
1539,1609060489.3457844,76.80685299999999,0,3,3,3
1540,1609060489.4489846,78.907046999999991,0,3,3,3
1541,1609060489.5516245,80.569087999999994,0,3,3,3
1542,1609060489.6552584,80.876457000000002,0,3,3,3
1543,1609060489.7582674,82.344090999999992,0,3,3,3
1544,1609060489.8613069,84.683445999999989,0,3,3,3
1545,1609060489.9644783,82.726100000000002,0,3,3,3
1546,1609060490.0673749,82.092176000000009,0,3,3,3
1547,1609060490.1700873,92.715451000000002,0,3,3,3
1548,1609060490.2732203,84.329839000000007,1,3,3,3
1549,1609060490.3435228,73.917281000000003,0,3,3,3
1550,1609060490.4454837,73.223022999999998,0,3,3,3
1551,1609060490.5484934,85.827048000000005,0,3,3,3
1552,1609060490.6516118,82.465208000000004,0,3,3,3
1553,1609060490.7546618,80.778109999999998,0,3,3,3
1554,1609060490.8580098,81.832466000000011,0,3,3,3
1555,1609060490.960959,81.230733000000001,0,3,3,3
1556,1609060491.0641909,83.28452999999999,0,3,3,3
1557,1609060491.1668658,76.2012,0,3,3,3
1558,1609060491.2699232,76.068770999999998,0,3,3,3
1559,1609060491.3732948,74.786426000000006,1,3,3,3
1560,1609060491.4435284,74.161659,0,3,3,3
1561,1609060491.5454702,73.30730100000001,0,3,3,3
1562,1609060491.6481998,80.235287,0,3,3,3
1563,1609060491.7511928,81.57336699999999,0,3,3,3
1564,1609060491.8553917,85.950309000000004,0,3,3,3
1565,1609060491.9581268,79.259360000000001,0,3,3,3
1566,1609060492.0611022,79.592797000000004,0,3,3,3
1567,1609060492.1637976,84.111326000000005,0,3,3,3
1568,1609060492.2670979,82.605861000000004,0,3,3,3
1569,1609060492.3700936,81.665359000000009,0,3,3,3
1570,1609060492.4739275,81.901343999999995,1,3,3,3
1571,1609060492.5430713,76.006572999999989,0,3,3,3
1572,1609060492.645241,77.161167000000006,0,3,3,3
1573,1609060492.7489693,79.057267999999993,0,3,3,3
1574,1609060492.8514531,83.733403999999993,0,3,3,3
1575,1609060492.9549012,85.554513,0,3,3,3
1576,1609060493.0578883,89.662538999999995,0,3,3,3
1577,1609060493.160902,84.774463999999995,0,3,3,3
1578,1609060493.2642477,82.566235000000006,0,3,3,3
1579,1609060493.3671384,82.541017999999994,0,3,3,3
1580,1609060493.4704282,82.638621000000001,0,3,3,3
1581,1609060493.5732868,89.570826000000011,1,3,3,3
1582,1609060493.6436517,77.104640000000003,0,3,3,3
1583,1609060493.7448313,75.845497999999992,0,3,3,3
1584,1609060493.848305,81.933273,0,3,3,3
1585,1609060493.9511209,85.395482999999999,0,3,3,3
1586,1609060494.0544333,81.139488,0,3,3,3
1587,1609060494.1573977,79.132897999999997,0,3,3,3
1588,1609060494.2605295,80.918270000000007,0,3,3,3
1589,1609060494.3642235,83.613315999999998,0,3,3,3
1590,1609060494.4670105,81.013861000000006,0,3,3,3
1591,1609060494.5702779,80.275761000000003,0,3,3,3
1592,1609060494.674293,79.101579999999998,1,3,3,3
1593,1609060494.7436366,69.801005000000004,0,3,3,3
1594,1609060494.8455436,74.033535999999998,0,3,3,3
1595,1609060494.9482379,72.732935999999995,0,3,3,3
1596,1609060495.0510521,81.217343999999997,0,3,3,3
1597,1609060495.1542346,87.604341000000005,0,3,3,3
1598,1609060495.2569535,81.285591000000011,0,3,3,3
1599,1609060495.3601003,83.956160999999994,0,3,3,3
1600,1609060495.4647126,80.51789500000001,0,3,3,3
1601,1609060495.5670753,82.092341000000005,0,3,3,3
1602,1609060495.6699178,79.480933000000007,0,3,3,3
1603,1609060495.7730453,78.781997000000004,1,3,3,3
1604,1609060495.8433993,70.839250000000007,0,3,3,3
1605,1609060495.9451196,74.655557000000002,0,3,3,3
1606,1609060496.0484121,76.747866999999999,0,3,3,3
1607,1609060496.1510084,75.180754000000007,0,3,3,3
1608,1609060496.2550354,76.636786999999998,0,3,3,3
1609,1609060496.3580937,74.747169,0,3,3,3
1610,1609060496.4607,73.476664999999997,0,3,3,3
1611,1609060496.5637751,74.211629000000002,0,3,3,3
1612,1609060496.6667941,76.868453000000002,0,3,3,3
1613,1609060496.7700007,74.261673000000002,0,3,3,3
1614,1609060496.8729918,77.512415000000004,1,3,3,3
1615,1609060496.943223,75.357658000000001,0,3,3,3
1616,1609060497.0454443,77.172775999999999,0,3,3,3
1617,1609060497.1489675,76.21214599999999,0,3,3,3
1618,1609060497.2514143,80.684016999999997,0,3,3,3
1619,1609060497.3545527,80.682555000000008,0,3,3,3
1620,1609060497.457794,82.670248000000001,0,3,3,3
1621,1609060497.560708,87.124465000000001,0,3,3,3
1622,1609060497.6639028,83.239789999999999,0,3,3,3
1623,1609060497.7670722,82.048116000000007,0,3,3,3
1624,1609060497.8700998,82.511798999999996,0,3,3,3
1625,1609060497.9731812,88.007446999999999,1,3,3,3
1626,1609060498.043555,76.366586999999996,0,3,3,3
1627,1609060498.1452646,74.945740999999998,0,3,3,3
1628,1609060498.2489405,82.820869999999999,0,3,3,3
1629,1609060498.3513069,84.219974000000008,0,3,3,3
1630,1609060498.4545877,86.790334999999999,0,3,3,3
1631,1609060498.5576036,83.593744999999998,0,3,3,3
1632,1609060498.6607563,83.812817999999993,0,3,3,3
1633,1609060498.7636919,81.785841000000005,0,3,3,3
1634,1609060498.866967,81.870711,0,3,3,3
1635,1609060498.9701746,79.281765000000007,0,3,3,3
1636,1609060499.0732393,79.810792000000006,1,3,3,3
1637,1609060499.1435053,78.426814999999991,0,3,3,3
1638,1609060499.2458372,76.895140999999995,0,3,3,3
1639,1609060499.3482723,77.872280000000003,0,3,3,3
1640,1609060499.4512486,87.177943999999997,0,3,3,3
1641,1609060499.5546272,81.417937999999992,0,3,3,3
1642,1609060499.6581566,81.192802999999998,0,3,3,3
1643,1609060499.7609982,85.346123999999989,0,3,3,3
1644,1609060499.8642416,86.548959999999994,0,3,3,3
1645,1609060499.9674082,83.477145000000007,0,3,3,3
1646,1609060500.0703523,88.897280999999992,0,3,3,3
1647,1609060500.1733394,84.653999999999996,1,3,3,3
1648,1609060500.2436779,76.476101,0,3,3,3
1649,1609060500.3453603,77.166309999999996,0,3,3,3
1650,1609060500.4488866,82.124818000000005,0,3,3,3
1651,1609060500.5512922,88.944338999999999,0,3,3,3
1652,1609060500.6545036,81.491194000000007,0,3,3,3
1653,1609060500.7583258,78.317206999999996,0,3,3,3
1654,1609060500.8607261,79.211862999999994,0,3,3,3
1655,1609060500.9639142,82.575335999999993,0,3,3,3
1656,1609060501.0671759,83.028449000000009,0,3,3,3
1657,1609060501.1703944,74.474411000000003,0,3,3,3
1658,1609060501.2733512,75.638012000000003,0,3,3,3
1659,1609060501.3437417,74.916392000000002,0,3,3,3
1660,1609060501.4454706,75.321875999999989,0,3,3,3
1661,1609060501.5485206,79.802965,0,3,3,3
1662,1609060501.6515026,81.570564000000005,0,3,3,3
1663,1609060501.7550392,83.963438999999994,0,3,3,3
1664,1609060501.8581979,82.263497999999998,0,3,3,3
1665,1609060501.9606597,81.584209000000001,0,3,3,3
1666,1609060502.063736,83.831789999999998,0,3,3,3
1667,1609060502.1672246,88.460306000000003,0,3,3,3
1668,1609060502.270294,81.559431000000004,0,3,3,3
1669,1609060502.3739688,84.057164999999998,1,3,3,3
1670,1609060502.4438312,76.181073999999995,0,3,3,3
1671,1609060502.5453289,76.541111000000001,0,3,3,3
1672,1609060502.6480029,77.264383000000009,0,3,3,3
1673,1609060502.7510979,81.710926000000001,0,3,3,3
1674,1609060502.8545585,83.381782999999999,0,3,3,3
1675,1609060502.95784,81.372269000000003,0,3,3,3
1676,1609060503.0606642,83.908645000000007,0,3,3,3
1677,1609060503.1642694,81.063907999999998,0,3,3,3
1678,1609060503.2669225,80.468004999999991,0,3,3,3
1679,1609060503.3700564,81.945287000000008,0,3,3,3
1680,1609060503.4731731,84.957267999999999,1,3,3,3
1681,1609060503.5435343,72.527723000000009,0,3,3,3
1682,1609060503.6453459,75.193193000000008,0,3,3,3
1683,1609060503.7486675,75.714524000000011,0,3,3,3
1684,1609060503.8518457,83.390769000000006,0,3,3,3
1685,1609060503.9547744,78.241392000000005,0,3,3,3
1686,1609060504.0583475,78.691419999999994,0,3,3,3
1687,1609060504.1608503,81.616997999999995,0,3,3,3
1688,1609060504.2639976,81.379621,0,3,3,3
1689,1609060504.3670917,82.917265999999998,0,3,3,3
1690,1609060504.470067,82.453052,0,3,3,3
1691,1609060504.5738418,78.619484,1,3,3,3
1692,1609060504.6435585,69.235323000000008,0,3,3,3
1693,1609060504.7454407,71.939284000000001,0,3,3,3
1694,1609060504.8485687,73.04191999999999,0,3,3,3
1695,1609060504.9514401,81.251660000000001,0,3,3,3
1696,1609060505.0546906,81.387805999999998,0,3,3,3
1697,1609060505.1575837,79.962051000000002,0,3,3,3
1698,1609060505.2601976,78.476372999999995,0,3,3,3
1699,1609060505.3634129,80.22405400000001,0,3,3,3
1700,1609060505.4668815,77.877535999999992,0,3,3,3
1701,1609060505.5696616,84.487633000000002,0,3,3,3
1702,1609060505.672945,78.959913,1,3,3,3
1703,1609060505.7433019,71.909075999999999,0,3,3,3
1704,1609060505.8452811,69.698072999999994,0,3,3,3
1705,1609060505.9483693,72.880735999999999,0,3,3,3
1706,1609060506.0514579,81.124960000000002,0,3,3,3
1707,1609060506.1546898,72.394050000000007,0,3,3,3
1708,1609060506.2575462,74.092999000000006,0,3,3,3
1709,1609060506.360559,74.200000000000003,0,3,3,3
1710,1609060506.4636638,74.973947999999993,0,3,3,3
1711,1609060506.5669322,73.346873000000002,0,3,3,3
1712,1609060506.6699717,75.278099999999995,0,3,3,3
1713,1609060506.7730598,74.294858000000005,1,3,3,3
1714,1609060506.8433933,71.842880999999991,0,3,3,3
1715,1609060506.9453721,74.122824000000008,0,3,3,3
1716,1609060507.0484431,75.334885999999997,0,3,3,3
1717,1609060507.1515169,81.556511999999998,0,3,3,3
1718,1609060507.2547982,77.376660999999999,0,3,3,3
1719,1609060507.3577116,75.531295999999998,0,3,3,3
1720,1609060507.4607253,77.377040999999991,0,3,3,3
1721,1609060507.5636785,76.054201000000006,0,3,3,3
1722,1609060507.6666305,75.365763999999999,0,3,3,3
1723,1609060507.7699022,75.455803000000003,0,3,3,3
1724,1609060507.8738525,77.617143999999996,1,3,3,3
1725,1609060507.9438484,73.33740499999999,0,3,3,3
1726,1609060508.0452909,74.151897999999989,0,3,3,3
1727,1609060508.1487057,76.887439000000001,0,3,3,3
1728,1609060508.2514443,76.896225999999999,0,3,3,3
1729,1609060508.3545651,77.226175999999995,0,3,3,3
1730,1609060508.4575925,78.150306,0,3,3,3
1731,1609060508.5607731,82.318444999999997,0,3,3,3
1732,1609060508.6637316,76.053767999999991,0,3,3,3
1733,1609060508.7668188,79.064097000000004,0,3,3,3
1734,1609060508.8700562,76.162063000000003,0,3,3,3
1735,1609060508.9730458,75.148754999999994,1,3,3,3
1736,1609060509.0432866,72.326751000000002,0,3,3,3
1737,1609060509.1449256,77.635166000000012,0,3,3,3
1738,1609060509.2479677,77.599699000000001,0,3,3,3
1739,1609060509.3511679,80.633541000000008,0,3,3,3
1740,1609060509.4545157,78.801581999999996,0,3,3,3
1741,1609060509.5573235,77.572016999999988,0,3,3,3
1742,1609060509.6606014,75.003069000000011,0,3,3,3
1743,1609060509.7638118,75.400587999999999,0,3,3,3
1744,1609060509.8669298,77.143630999999999,0,3,3,3
1745,1609060509.9699097,74.556148000000007,0,3,3,3
1746,1609060510.0734057,79.949082000000004,1,3,3,3
1747,1609060510.1432743,78.704999000000001,0,3,3,3
1748,1609060510.2450914,73.629301999999996,0,3,3,3
1749,1609060510.3481236,74.495863999999997,0,3,3,3
1750,1609060510.4512773,82.829305000000005,0,3,3,3
1751,1609060510.5544629,76.422411999999994,0,3,3,3
1752,1609060510.6577175,79.707686999999993,0,3,3,3
1753,1609060510.7606065,75.877715999999992,0,3,3,3
1754,1609060510.8637073,76.244776999999999,0,3,3,3
1755,1609060510.9666443,75.987833000000009,0,3,3,3
1756,1609060511.0697596,76.439973999999992,0,3,3,3
1757,1609060511.1728156,74.172393999999997,0,3,3,3
1758,1609060511.2431271,70.600228000000001,0,3,3,3
1759,1609060511.3449945,71.077084999999997,0,3,3,3
1760,1609060511.4482746,76.335487000000001,0,3,3,3
1761,1609060511.551223,73.572975999999997,0,3,3,3
1762,1609060511.6544573,75.563524000000001,0,3,3,3
1763,1609060511.7573373,74.205797000000004,0,3,3,3
1764,1609060511.8604741,77.007080999999999,0,3,3,3
1765,1609060511.9638786,73.937721999999994,0,3,3,3
1766,1609060512.0667868,73.396992999999995,0,3,3,3
1767,1609060512.1699121,73.778320999999991,0,3,3,3
1768,1609060512.2729032,80.680548000000002,1,3,3,3
1769,1609060512.3431294,72.868688000000006,0,3,3,3
1770,1609060512.4449189,74.593767,0,3,3,3
1771,1609060512.5481122,76.584694999999996,0,3,3,3
1772,1609060512.6511109,76.427548999999999,0,3,3,3
1773,1609060512.7542453,76.721232000000001,0,3,3,3
1774,1609060512.8572774,78.138770999999991,0,3,3,3
1775,1609060512.9603844,75.436623999999995,0,3,3,3
1776,1609060513.0637343,76.345002999999991,0,3,3,3
1777,1609060513.1667962,76.211622000000006,0,3,3,3
1778,1609060513.2698891,76.206533000000007,0,3,3,3
1779,1609060513.3729377,76.073672999999999,1,3,3,3
1780,1609060513.4432445,73.485298,0,3,3,3
1781,1609060513.5448954,74.748637000000002,0,3,3,3
1782,1609060513.6484344,74.931071000000003,0,3,3,3
1783,1609060513.7511437,77.209652000000006,0,3,3,3
1784,1609060513.8544114,77.859104000000002,0,3,3,3
1785,1609060513.9573941,77.528190999999993,0,3,3,3
1786,1609060514.0605233,77.268893000000006,0,3,3,3
1787,1609060514.1636169,74.730752999999993,0,3,3,3
1788,1609060514.2667291,74.912173999999993,0,3,3,3
1789,1609060514.3700001,77.290553000000003,0,3,3,3
1790,1609060514.4727981,74.043299000000005,1,3,3,3
1791,1609060514.5431745,71.819241000000005,0,3,3,3
1792,1609060514.6450951,74.814080000000004,0,3,3,3
1793,1609060514.748117,75.902720000000002,0,3,3,3
1794,1609060514.8511775,77.541576000000006,0,3,3,3
1795,1609060514.9545553,76.735396999999992,0,3,3,3
1796,1609060515.0574901,79.982590999999999,0,3,3,3
1797,1609060515.1605208,73.214978000000002,0,3,3,3
1798,1609060515.2637501,72.013525999999999,0,3,3,3
1799,1609060515.3671117,74.801926000000009,0,3,3,3
1800,1609060515.4701838,74.291244000000006,0,3,3,3
1801,1609060515.5731189,74.699462999999994,1,3,3,3
1802,1609060515.643415,71.771891000000011,0,3,3,3
1803,1609060515.7452021,74.008211000000003,0,3,3,3
1804,1609060515.8480937,73.136319999999998,0,3,3,3
1805,1609060515.9512835,75.902248,0,3,3,3
1806,1609060516.0544033,79.786731000000003,0,3,3,3
